{"stats":{"minecraft:mined":{"minecraft:birch_log":7,"minecraft:grass_block":3,"minecraft:spruce_slab":1,"minecraft:dirt":1},"minecraft:used":{"minecraft:wooden_axe":1,"minecraft:crafting_table":1},"minecraft:picked_up":{"minecraft:spruce_slab":1,"minecraft:dirt":4,"minecraft:birch_log":7},"minecraft:custom":{"minecraft:jump":7,"minecraft:time_since_rest":3486,"minecraft:leave_game":1,"minecraft:sprint_one_cm":1414,"minecraft:play_time":3486,"minecraft:time_since_death":3486,"minecraft:walk_one_cm":3869,"minecraft:total_world_time":3486,"minecraft:interact_with_crafting_table":1,"minecraft:fly_one_cm":58},"minecraft:crafted":{"minecraft:birch_planks":28,"minecraft:crafting_table":1,"minecraft:stick":4,"minecraft:wooden_pickaxe":1,"minecraft:wooden_axe":1}},"DataVersion":3120}