{"stats":{"minecraft:killed":{"minecraft:spider":1,"minecraft:skeleton":14,"minecraft:chicken":2,"minecraft:piglin":5,"minecraft:pig":9,"minecraft:salmon":2,"minecraft:sheep":20,"minecraft:pillager":5,"minecraft:zombie":11,"minecraft:cow":3,"minecraft:drowned":1,"minecraft:hoglin":1,"minecraft:enderman":3},"minecraft:broken":{"minecraft:wooden_shovel":2,"minecraft:golden_shovel":2,"minecraft:stone_shovel":3,"minecraft:iron_axe":1,"minecraft:golden_pickaxe":1,"minecraft:wooden_hoe":3},"minecraft:used":{"minecraft:poppy":1,"minecraft:ladder":32,"minecraft:chest":8,"minecraft:shield":34,"minecraft:rotten_flesh":1,"minecraft:iron_chestplate":1,"minecraft:soul_sand":9,"minecraft:obsidian":7,"minecraft:lava_bucket":1,"minecraft:iron_helmet":1,"minecraft:magma_block":17,"minecraft:bow":7,"minecraft:furnace":5,"minecraft:cooked_cod":7,"minecraft:egg":2,"minecraft:golden_boots":2,"minecraft:red_stained_glass":64,"minecraft:stone_pickaxe":63,"minecraft:oak_planks":435,"minecraft:leather_chestplate":1,"minecraft:wooden_pickaxe":22,"minecraft:sandstone":17,"minecraft:white_wool":1,"minecraft:sand":438,"minecraft:crying_obsidian":3,"minecraft:bread":7,"minecraft:golden_helmet":1,"minecraft:coal_block":1,"minecraft:diamond_sword":40,"minecraft:fire_charge":3,"minecraft:oak_boat":3,"minecraft:bone_meal":26,"minecraft:golden_pickaxe":32,"minecraft:oak_fence":14,"minecraft:stone_sword":7,"minecraft:flint_and_steel":3,"minecraft:stone_shovel":503,"minecraft:wooden_shovel":118,"minecraft:cooked_salmon":1,"minecraft:cooked_chicken":1,"minecraft:netherrack":27,"minecraft:oak_door":8,"minecraft:torch":8,"minecraft:dirt":291,"minecraft:white_carpet":3,"minecraft:golden_shovel":64,"minecraft:shroomlight":4,"minecraft:wooden_axe":6,"minecraft:yellow_stained_glass":16,"minecraft:iron_axe":301,"minecraft:oak_stairs":4,"minecraft:crimson_planks":224,"minecraft:pumpkin":1,"minecraft:iron_leggings":1,"minecraft:wheat_seeds":46,"minecraft:cooked_mutton":21,"minecraft:water_bucket":52,"minecraft:birch_planks":12,"minecraft:glass_bottle":1,"minecraft:birch_boat":5,"minecraft:salmon":2,"minecraft:crafting_table":10,"minecraft:white_bed":3,"minecraft:wooden_hoe":228,"minecraft:diamond_pickaxe":76,"minecraft:black_wool":2,"minecraft:apple":3,"minecraft:iron_pickaxe":84,"minecraft:jungle_stairs":1,"minecraft:stone_axe":114,"minecraft:fishing_rod":1,"minecraft:cobblestone":40,"minecraft:potion":1,"minecraft:cooked_porkchop":9,"minecraft:white_banner":2,"minecraft:porkchop":1,"minecraft:bucket":56},"minecraft:picked_up":{"minecraft:wooden_axe":2,"minecraft:iron_chestplate":2,"minecraft:wheat":18,"minecraft:diamond_sword":1,"minecraft:potion":3,"minecraft:nether_brick":7,"minecraft:crimson_planks":36,"minecraft:string":13,"minecraft:raw_copper":2,"minecraft:iron_leggings":2,"minecraft:pufferfish":3,"minecraft:shroomlight":6,"minecraft:gold_nugget":105,"minecraft:cobbled_deepslate":3,"minecraft:bucket":2,"minecraft:red_dye":2,"minecraft:wooden_shovel":1,"minecraft:iron_pickaxe":2,"minecraft:coal_block":1,"minecraft:iron_boots":2,"minecraft:furnace":1,"minecraft:stick":10,"minecraft:oak_fence":3,"minecraft:torch":11,"minecraft:porkchop":24,"minecraft:stone_sword":3,"minecraft:rotten_flesh":15,"minecraft:obsidian":17,"minecraft:cod":7,"minecraft:cobblestone":244,"minecraft:birch_log":15,"minecraft:magma_block":17,"minecraft:leather_chestplate":1,"minecraft:feather":1,"minecraft:water_bucket":1,"minecraft:brown_wool":1,"minecraft:flint":2,"minecraft:lapis_lazuli":37,"minecraft:dirt":474,"minecraft:glass":16,"minecraft:bone":34,"minecraft:bow":4,"minecraft:wheat_seeds":55,"minecraft:raw_gold":4,"minecraft:oak_planks":299,"minecraft:cooked_porkchop":5,"minecraft:stripped_crimson_stem":6,"minecraft:sand":724,"minecraft:sugar":1,"minecraft:diamond":1,"minecraft:granite":15,"minecraft:bread":6,"minecraft:oak_sapling":19,"minecraft:netherrack":42,"minecraft:crimson_roots":5,"minecraft:fishing_rod":1,"minecraft:crafting_table":6,"minecraft:chicken":3,"minecraft:ladder":4,"minecraft:gold_block":2,"minecraft:shield":6,"minecraft:iron_axe":5,"minecraft:beef":7,"minecraft:oak_boat":2,"minecraft:poppy":11,"minecraft:iron_nugget":34,"minecraft:chest":3,"minecraft:sugar_cane":8,"minecraft:egg":2,"minecraft:raw_iron":114,"minecraft:sandstone":26,"minecraft:oak_door":6,"minecraft:copper_ingot":1,"minecraft:fire_charge":9,"minecraft:carrot":1,"minecraft:redstone":42,"minecraft:weeping_vines":2,"minecraft:arrow":44,"minecraft:stone_shovel":1,"minecraft:cooked_cod":11,"minecraft:jungle_stairs":2,"minecraft:mutton":51,"minecraft:white_wool":18,"minecraft:crimson_stem":70,"minecraft:salmon":9,"minecraft:leather":7,"minecraft:yellow_dye":2,"minecraft:oak_log":222,"minecraft:wooden_hoe":3,"minecraft:white_banner":2,"minecraft:cooked_mutton":18,"minecraft:yellow_stained_glass":16,"minecraft:iron_ingot":43,"minecraft:stone_pickaxe":9,"minecraft:soul_sand":34,"minecraft:iron_sword":3,"minecraft:pumpkin":5,"minecraft:warped_fungus":1,"minecraft:birch_boat":3,"minecraft:quartz":5,"minecraft:dandelion":4,"minecraft:gravel":5,"minecraft:white_bed":2,"minecraft:crying_obsidian":22,"minecraft:spider_eye":1,"minecraft:stone_axe":2,"minecraft:iron_helmet":7,"minecraft:gray_wool":5,"minecraft:warped_roots":1,"minecraft:black_wool":5,"minecraft:coal":62,"minecraft:ender_pearl":4},"minecraft:crafted":{"minecraft:oak_planks":824,"minecraft:birch_boat":2,"minecraft:cooked_chicken":1,"minecraft:cooked_mutton":25,"minecraft:glass":96,"minecraft:iron_boots":2,"minecraft:chest":6,"minecraft:oak_fence":12,"minecraft:golden_boots":2,"minecraft:wooden_shovel":2,"minecraft:cooked_porkchop":18,"minecraft:crafting_table":5,"minecraft:wooden_pickaxe":1,"minecraft:iron_helmet":2,"minecraft:birch_planks":56,"minecraft:yellow_stained_glass":16,"minecraft:iron_chestplate":3,"minecraft:wooden_hoe":4,"minecraft:diamond_pickaxe":1,"minecraft:yellow_dye":4,"minecraft:shield":3,"minecraft:stick":172,"minecraft:iron_ingot":41,"minecraft:iron_pickaxe":3,"minecraft:stone_sword":3,"minecraft:gold_ingot":30,"minecraft:oak_door":6,"minecraft:stone_shovel":5,"minecraft:fishing_rod":1,"minecraft:furnace":6,"minecraft:bone_meal":24,"minecraft:pink_dye":4,"minecraft:white_carpet":3,"minecraft:iron_axe":3,"minecraft:ladder":36,"minecraft:stone_pickaxe":5,"minecraft:coal_block":4,"minecraft:sugar":1,"minecraft:red_dye":10,"minecraft:crimson_planks":220,"minecraft:diamond_sword":1,"minecraft:iron_sword":1,"minecraft:cooked_salmon":6,"minecraft:golden_shovel":2,"minecraft:bucket":2,"minecraft:stone_axe":3,"minecraft:bread":13,"minecraft:air":0,"minecraft:oak_boat":1,"minecraft:red_stained_glass":64,"minecraft:oak_stairs":4,"minecraft:wooden_axe":1,"minecraft:iron_leggings":2,"minecraft:white_bed":1,"minecraft:torch":8},"minecraft:mined":{"minecraft:white_bed":2,"minecraft:farmland":2,"minecraft:obsidian":7,"minecraft:granite":11,"minecraft:grass_block":163,"minecraft:coal_block":1,"minecraft:weeping_vines_plant":1,"minecraft:magma_block":18,"minecraft:iron_ore":40,"minecraft:fire":12,"minecraft:pumpkin":5,"minecraft:deepslate_lapis_ore":1,"minecraft:crimson_nylium":8,"minecraft:torch":1,"minecraft:jungle_stairs":1,"minecraft:poppy":11,"minecraft:chest":3,"minecraft:cobblestone":3,"minecraft:sugar_cane":1,"minecraft:oak_planks":36,"minecraft:wall_torch":3,"minecraft:birch_log":14,"minecraft:wheat":20,"minecraft:warped_fungus":1,"minecraft:grass":10,"minecraft:oak_log":147,"minecraft:sand":586,"minecraft:dirt":26,"minecraft:crimson_planks":19,"minecraft:netherrack":31,"minecraft:oak_leaves":37,"minecraft:deepslate":1,"minecraft:nether_gold_ore":17,"minecraft:crying_obsidian":4,"minecraft:oak_door":2,"minecraft:red_stained_glass":3,"minecraft:glow_lichen":1,"minecraft:crimson_roots":3,"minecraft:sandstone":21,"minecraft:crimson_stem":59,"minecraft:furnace":1,"minecraft:gold_block":2,"minecraft:shroomlight":5,"minecraft:deepslate_iron_ore":1,"minecraft:stone":70,"minecraft:dandelion":4,"minecraft:oak_fence":3,"minecraft:crafting_table":6,"minecraft:warped_roots":2,"minecraft:tall_grass":1,"minecraft:copper_ore":1,"minecraft:lapis_ore":1,"minecraft:birch_leaves":2,"minecraft:coal_ore":28,"minecraft:gold_ore":2},"minecraft:killed_by":{"minecraft:creeper":1,"minecraft:piglin":1,"minecraft:zombie":1,"minecraft:skeleton":3},"minecraft:custom":{"minecraft:interact_with_crafting_table":91,"minecraft:leave_game":11,"minecraft:time_since_death":6455,"minecraft:sprint_one_cm":710011,"minecraft:damage_blocked_by_shield":1890,"minecraft:drop":175,"minecraft:play_time":252147,"minecraft:deaths":12,"minecraft:jump":6445,"minecraft:walk_on_water_one_cm":26860,"minecraft:enchant_item":1,"minecraft:interact_with_furnace":110,"minecraft:sleep_in_bed":17,"minecraft:damage_dealt":11250,"minecraft:crouch_one_cm":41613,"minecraft:mob_kills":84,"minecraft:climb_one_cm":12275,"minecraft:walk_one_cm":679782,"minecraft:sneak_time":13098,"minecraft:walk_under_water_one_cm":29970,"minecraft:boat_one_cm":396854,"minecraft:total_world_time":252147,"minecraft:time_since_rest":6482,"minecraft:damage_taken":5102,"minecraft:swim_one_cm":64153,"minecraft:fly_one_cm":1176250,"minecraft:open_chest":176,"minecraft:fall_one_cm":189872},"minecraft:dropped":{"minecraft:iron_sword":4,"minecraft:cooked_porkchop":4,"minecraft:dirt":64,"minecraft:sand":30,"minecraft:iron_pickaxe":2,"minecraft:fishing_rod":1,"minecraft:gold_ingot":26,"minecraft:stone_axe":4,"minecraft:sugar_cane":1,"minecraft:oak_planks":28,"minecraft:cooked_mutton":7,"minecraft:iron_ingot":4,"minecraft:golden_boots":1,"minecraft:bread":4,"minecraft:wheat_seeds":6,"minecraft:iron_helmet":6,"minecraft:cobblestone":7,"minecraft:stick":1,"minecraft:pufferfish":3,"minecraft:wooden_hoe":1,"minecraft:torch":4,"minecraft:wooden_axe":1,"minecraft:cooked_salmon":1,"minecraft:iron_leggings":2,"minecraft:pumpkin":1,"minecraft:iron_axe":2,"minecraft:stone_sword":3,"minecraft:stone_shovel":1,"minecraft:iron_boots":2,"minecraft:filled_map":1,"minecraft:shield":5,"minecraft:iron_chestplate":2,"minecraft:oak_sapling":3,"minecraft:wooden_shovel":1,"minecraft:spider_eye":1,"minecraft:bow":1,"minecraft:stone_pickaxe":4,"minecraft:raw_gold":2}},"DataVersion":3120}