{"stats":{"minecraft:killed":{"minecraft:spider":1,"minecraft:skeleton":4,"minecraft:chicken":2,"minecraft:piglin":5,"minecraft:pig":9,"minecraft:salmon":2,"minecraft:hoglin":1,"minecraft:sheep":20,"minecraft:pillager":5,"minecraft:zombie":4,"minecraft:enderman":3,"minecraft:cow":3},"minecraft:broken":{"minecraft:wooden_shovel":1,"minecraft:golden_shovel":2,"minecraft:iron_axe":1,"minecraft:golden_pickaxe":1,"minecraft:stone_shovel":3},"minecraft:used":{"minecraft:stone_sword":7,"minecraft:flint_and_steel":3,"minecraft:stone_shovel":503,"minecraft:ladder":32,"minecraft:poppy":1,"minecraft:chest":8,"minecraft:shield":16,"minecraft:wooden_shovel":59,"minecraft:cooked_chicken":1,"minecraft:rotten_flesh":1,"minecraft:netherrack":27,"minecraft:oak_door":8,"minecraft:torch":1,"minecraft:soul_sand":9,"minecraft:dirt":47,"minecraft:golden_shovel":64,"minecraft:obsidian":7,"minecraft:shroomlight":4,"minecraft:wooden_axe":6,"minecraft:lava_bucket":1,"minecraft:yellow_stained_glass":16,"minecraft:iron_axe":295,"minecraft:oak_stairs":4,"minecraft:iron_helmet":1,"minecraft:crimson_planks":224,"minecraft:magma_block":17,"minecraft:furnace":3,"minecraft:cooked_cod":3,"minecraft:pumpkin":1,"minecraft:cooked_mutton":17,"minecraft:golden_boots":2,"minecraft:wheat_seeds":28,"minecraft:water_bucket":41,"minecraft:birch_planks":12,"minecraft:oak_planks":420,"minecraft:stone_pickaxe":63,"minecraft:red_stained_glass":64,"minecraft:glass_bottle":1,"minecraft:wooden_pickaxe":22,"minecraft:birch_boat":5,"minecraft:leather_chestplate":1,"minecraft:sandstone":17,"minecraft:white_wool":1,"minecraft:salmon":2,"minecraft:sand":438,"minecraft:crafting_table":10,"minecraft:white_bed":3,"minecraft:black_wool":2,"minecraft:wooden_hoe":13,"minecraft:diamond_pickaxe":76,"minecraft:apple":3,"minecraft:crying_obsidian":3,"minecraft:iron_pickaxe":8,"minecraft:bread":7,"minecraft:jungle_stairs":1,"minecraft:golden_helmet":1,"minecraft:stone_axe":111,"minecraft:fire_charge":3,"minecraft:fishing_rod":1,"minecraft:cobblestone":19,"minecraft:potion":1,"minecraft:porkchop":1,"minecraft:white_banner":2,"minecraft:cooked_porkchop":8,"minecraft:bucket":44,"minecraft:oak_boat":3,"minecraft:golden_pickaxe":32,"minecraft:bone_meal":26},"minecraft:picked_up":{"minecraft:wooden_axe":2,"minecraft:crafting_table":6,"minecraft:wheat":18,"minecraft:chicken":3,"minecraft:ladder":4,"minecraft:potion":3,"minecraft:gold_block":2,"minecraft:nether_brick":7,"minecraft:crimson_planks":36,"minecraft:shield":4,"minecraft:string":13,"minecraft:raw_copper":2,"minecraft:iron_axe":3,"minecraft:shroomlight":6,"minecraft:gold_nugget":105,"minecraft:bucket":1,"minecraft:beef":7,"minecraft:red_dye":2,"minecraft:oak_boat":2,"minecraft:wooden_shovel":1,"minecraft:iron_nugget":34,"minecraft:poppy":11,"minecraft:iron_pickaxe":1,"minecraft:sugar_cane":8,"minecraft:chest":3,"minecraft:egg":2,"minecraft:furnace":1,"minecraft:stick":6,"minecraft:raw_iron":36,"minecraft:sandstone":26,"minecraft:oak_door":6,"minecraft:torch":2,"minecraft:fire_charge":9,"minecraft:porkchop":24,"minecraft:stone_sword":3,"minecraft:arrow":14,"minecraft:weeping_vines":2,"minecraft:stone_shovel":1,"minecraft:rotten_flesh":7,"minecraft:jungle_stairs":2,"minecraft:obsidian":17,"minecraft:mutton":51,"minecraft:cod":7,"minecraft:white_wool":18,"minecraft:cobblestone":179,"minecraft:birch_log":15,"minecraft:magma_block":17,"minecraft:leather_chestplate":1,"minecraft:feather":1,"minecraft:brown_wool":1,"minecraft:crimson_stem":70,"minecraft:salmon":9,"minecraft:leather":7,"minecraft:yellow_dye":2,"minecraft:flint":2,"minecraft:oak_log":222,"minecraft:wooden_hoe":2,"minecraft:dirt":180,"minecraft:white_banner":2,"minecraft:cooked_mutton":18,"minecraft:glass":16,"minecraft:bone":13,"minecraft:bow":1,"minecraft:wheat_seeds":54,"minecraft:yellow_stained_glass":16,"minecraft:stone_pickaxe":8,"minecraft:iron_sword":1,"minecraft:oak_planks":252,"minecraft:soul_sand":34,"minecraft:warped_fungus":1,"minecraft:birch_boat":3,"minecraft:pumpkin":5,"minecraft:gravel":5,"minecraft:quartz":5,"minecraft:dandelion":4,"minecraft:stripped_crimson_stem":6,"minecraft:sand":691,"minecraft:white_bed":2,"minecraft:crying_obsidian":22,"minecraft:spider_eye":1,"minecraft:sugar":1,"minecraft:stone_axe":2,"minecraft:iron_helmet":5,"minecraft:granite":15,"minecraft:gray_wool":5,"minecraft:bread":2,"minecraft:warped_roots":1,"minecraft:oak_sapling":19,"minecraft:netherrack":42,"minecraft:black_wool":5,"minecraft:coal":14,"minecraft:crimson_roots":5,"minecraft:ender_pearl":4},"minecraft:crafted":{"minecraft:oak_door":6,"minecraft:oak_planks":824,"minecraft:stone_shovel":5,"minecraft:fishing_rod":1,"minecraft:birch_boat":2,"minecraft:cooked_chicken":1,"minecraft:furnace":3,"minecraft:bone_meal":24,"minecraft:pink_dye":4,"minecraft:cooked_mutton":25,"minecraft:glass":96,"minecraft:iron_axe":2,"minecraft:ladder":36,"minecraft:stone_pickaxe":5,"minecraft:chest":6,"minecraft:golden_boots":2,"minecraft:sugar":1,"minecraft:coal_block":1,"minecraft:red_dye":10,"minecraft:crimson_planks":220,"minecraft:wooden_shovel":1,"minecraft:cooked_porkchop":18,"minecraft:crafting_table":5,"minecraft:wooden_pickaxe":1,"minecraft:iron_helmet":2,"minecraft:iron_sword":1,"minecraft:golden_shovel":2,"minecraft:bucket":2,"minecraft:birch_planks":56,"minecraft:stone_axe":3,"minecraft:yellow_stained_glass":16,"minecraft:air":0,"minecraft:bread":9,"minecraft:oak_boat":1,"minecraft:red_stained_glass":64,"minecraft:wooden_hoe":1,"minecraft:iron_chestplate":1,"minecraft:diamond_pickaxe":1,"minecraft:yellow_dye":4,"minecraft:shield":3,"minecraft:stick":160,"minecraft:iron_ingot":41,"minecraft:iron_pickaxe":2,"minecraft:wooden_axe":1,"minecraft:oak_stairs":4,"minecraft:stone_sword":3,"minecraft:gold_ingot":30,"minecraft:white_bed":1},"minecraft:mined":{"minecraft:nether_gold_ore":17,"minecraft:crying_obsidian":4,"minecraft:white_bed":2,"minecraft:oak_door":2,"minecraft:red_stained_glass":3,"minecraft:obsidian":7,"minecraft:glow_lichen":1,"minecraft:granite":11,"minecraft:grass_block":162,"minecraft:crimson_roots":3,"minecraft:sandstone":21,"minecraft:crimson_stem":59,"minecraft:weeping_vines_plant":1,"minecraft:magma_block":18,"minecraft:furnace":1,"minecraft:iron_ore":6,"minecraft:fire":12,"minecraft:pumpkin":5,"minecraft:gold_block":2,"minecraft:shroomlight":5,"minecraft:stone":53,"minecraft:crimson_nylium":8,"minecraft:dandelion":4,"minecraft:crafting_table":6,"minecraft:jungle_stairs":1,"minecraft:poppy":11,"minecraft:warped_roots":2,"minecraft:chest":3,"minecraft:copper_ore":1,"minecraft:tall_grass":1,"minecraft:cobblestone":3,"minecraft:oak_planks":33,"minecraft:sugar_cane":1,"minecraft:birch_log":14,"minecraft:wheat":19,"minecraft:birch_leaves":2,"minecraft:warped_fungus":1,"minecraft:grass":10,"minecraft:oak_log":147,"minecraft:coal_ore":12,"minecraft:sand":552,"minecraft:dirt":15,"minecraft:crimson_planks":19,"minecraft:netherrack":31,"minecraft:oak_leaves":37},"minecraft:killed_by":{"minecraft:piglin":1,"minecraft:skeleton":2,"minecraft:zombie":1},"minecraft:custom":{"minecraft:mob_kills":66,"minecraft:interact_with_crafting_table":74,"minecraft:leave_game":10,"minecraft:time_since_death":39658,"minecraft:climb_one_cm":11750,"minecraft:sprint_one_cm":593246,"minecraft:damage_blocked_by_shield":805,"minecraft:walk_one_cm":573462,"minecraft:drop":154,"minecraft:play_time":214830,"minecraft:sneak_time":9812,"minecraft:deaths":9,"minecraft:walk_under_water_one_cm":25166,"minecraft:boat_one_cm":396854,"minecraft:jump":5497,"minecraft:walk_on_water_one_cm":22140,"minecraft:total_world_time":214830,"minecraft:interact_with_furnace":98,"minecraft:sleep_in_bed":16,"minecraft:time_since_rest":4475,"minecraft:damage_taken":3826,"minecraft:damage_dealt":8487,"minecraft:swim_one_cm":60816,"minecraft:fly_one_cm":993808,"minecraft:open_chest":139,"minecraft:crouch_one_cm":26285,"minecraft:fall_one_cm":164426},"minecraft:dropped":{"minecraft:golden_boots":1,"minecraft:iron_ingot":4,"minecraft:bread":4,"minecraft:iron_sword":2,"minecraft:wheat_seeds":6,"minecraft:cooked_porkchop":4,"minecraft:iron_helmet":5,"minecraft:cobblestone":7,"minecraft:stick":1,"minecraft:wooden_hoe":1,"minecraft:wooden_axe":1,"minecraft:cooked_salmon":1,"minecraft:pumpkin":1,"minecraft:sand":30,"minecraft:iron_axe":1,"minecraft:iron_pickaxe":1,"minecraft:gold_ingot":26,"minecraft:stone_axe":4,"minecraft:sugar_cane":1,"minecraft:stone_sword":3,"minecraft:stone_shovel":1,"minecraft:oak_planks":28,"minecraft:cooked_mutton":7,"minecraft:filled_map":1,"minecraft:shield":4,"minecraft:wooden_shovel":1,"minecraft:oak_sapling":3,"minecraft:spider_eye":1,"minecraft:stone_pickaxe":4}},"DataVersion":3120}