{"stats":{"minecraft:killed":{"minecraft:spider":1,"minecraft:skeleton":4,"minecraft:chicken":2,"minecraft:piglin":5,"minecraft:pig":9,"minecraft:salmon":2,"minecraft:hoglin":1,"minecraft:sheep":20,"minecraft:pillager":5,"minecraft:zombie":3,"minecraft:enderman":3,"minecraft:cow":3},"minecraft:crafted":{"minecraft:oak_door":3,"minecraft:oak_planks":824,"minecraft:stone_shovel":3,"minecraft:fishing_rod":1,"minecraft:birch_boat":2,"minecraft:cooked_chicken":1,"minecraft:furnace":3,"minecraft:bone_meal":24,"minecraft:pink_dye":4,"minecraft:cooked_mutton":25,"minecraft:glass":96,"minecraft:iron_axe":2,"minecraft:ladder":36,"minecraft:stone_pickaxe":5,"minecraft:chest":6,"minecraft:golden_boots":2,"minecraft:sugar":1,"minecraft:coal_block":1,"minecraft:red_dye":10,"minecraft:crimson_planks":220,"minecraft:wooden_shovel":1,"minecraft:cooked_porkchop":18,"minecraft:crafting_table":5,"minecraft:wooden_pickaxe":1,"minecraft:iron_helmet":2,"minecraft:iron_sword":1,"minecraft:golden_shovel":2,"minecraft:bucket":2,"minecraft:birch_planks":56,"minecraft:stone_axe":3,"minecraft:yellow_stained_glass":16,"minecraft:bread":9,"minecraft:air":0,"minecraft:oak_boat":1,"minecraft:red_stained_glass":64,"minecraft:wooden_hoe":1,"minecraft:iron_chestplate":1,"minecraft:diamond_pickaxe":1,"minecraft:yellow_dye":4,"minecraft:shield":3,"minecraft:stick":156,"minecraft:iron_ingot":40,"minecraft:iron_pickaxe":2,"minecraft:oak_stairs":4,"minecraft:wooden_axe":1,"minecraft:stone_sword":3,"minecraft:gold_ingot":30,"minecraft:white_bed":1},"minecraft:killed_by":{"minecraft:piglin":1,"minecraft:skeleton":2,"minecraft:zombie":1},"minecraft:broken":{"minecraft:wooden_shovel":1,"minecraft:golden_shovel":2,"minecraft:iron_axe":1,"minecraft:golden_pickaxe":1,"minecraft:stone_shovel":2},"minecraft:used":{"minecraft:stone_sword":7,"minecraft:flint_and_steel":3,"minecraft:stone_shovel":372,"minecraft:ladder":32,"minecraft:poppy":1,"minecraft:chest":8,"minecraft:shield":15,"minecraft:wooden_shovel":59,"minecraft:rotten_flesh":1,"minecraft:cooked_chicken":1,"minecraft:netherrack":27,"minecraft:oak_door":6,"minecraft:torch":1,"minecraft:dirt":45,"minecraft:soul_sand":9,"minecraft:golden_shovel":64,"minecraft:obsidian":7,"minecraft:shroomlight":4,"minecraft:wooden_axe":6,"minecraft:lava_bucket":1,"minecraft:yellow_stained_glass":16,"minecraft:iron_axe":291,"minecraft:oak_stairs":4,"minecraft:iron_helmet":1,"minecraft:crimson_planks":224,"minecraft:magma_block":17,"minecraft:furnace":3,"minecraft:cooked_cod":3,"minecraft:wheat_seeds":15,"minecraft:golden_boots":2,"minecraft:cooked_mutton":17,"minecraft:water_bucket":39,"minecraft:glass_bottle":1,"minecraft:birch_planks":12,"minecraft:red_stained_glass":64,"minecraft:stone_pickaxe":63,"minecraft:oak_planks":419,"minecraft:wooden_pickaxe":22,"minecraft:leather_chestplate":1,"minecraft:birch_boat":5,"minecraft:sandstone":17,"minecraft:white_wool":1,"minecraft:salmon":2,"minecraft:sand":438,"minecraft:crafting_table":10,"minecraft:white_bed":3,"minecraft:wooden_hoe":13,"minecraft:black_wool":2,"minecraft:diamond_pickaxe":76,"minecraft:apple":3,"minecraft:crying_obsidian":3,"minecraft:iron_pickaxe":8,"minecraft:bread":7,"minecraft:jungle_stairs":1,"minecraft:golden_helmet":1,"minecraft:stone_axe":111,"minecraft:fishing_rod":1,"minecraft:fire_charge":3,"minecraft:cobblestone":19,"minecraft:potion":1,"minecraft:porkchop":1,"minecraft:white_banner":2,"minecraft:cooked_porkchop":7,"minecraft:bucket":42,"minecraft:oak_boat":3,"minecraft:golden_pickaxe":32,"minecraft:bone_meal":26},"minecraft:mined":{"minecraft:nether_gold_ore":17,"minecraft:crying_obsidian":4,"minecraft:white_bed":2,"minecraft:oak_door":2,"minecraft:red_stained_glass":2,"minecraft:glow_lichen":1,"minecraft:obsidian":7,"minecraft:granite":11,"minecraft:grass_block":33,"minecraft:crimson_roots":3,"minecraft:sandstone":21,"minecraft:crimson_stem":59,"minecraft:weeping_vines_plant":1,"minecraft:magma_block":18,"minecraft:furnace":1,"minecraft:iron_ore":6,"minecraft:fire":12,"minecraft:pumpkin":4,"minecraft:gold_block":2,"minecraft:shroomlight":5,"minecraft:stone":53,"minecraft:crimson_nylium":8,"minecraft:dandelion":4,"minecraft:crafting_table":6,"minecraft:jungle_stairs":1,"minecraft:poppy":11,"minecraft:warped_roots":2,"minecraft:chest":3,"minecraft:cobblestone":3,"minecraft:tall_grass":1,"minecraft:copper_ore":1,"minecraft:sugar_cane":1,"minecraft:oak_planks":32,"minecraft:birch_log":14,"minecraft:wheat":9,"minecraft:birch_leaves":2,"minecraft:warped_fungus":1,"minecraft:grass":10,"minecraft:oak_log":147,"minecraft:coal_ore":12,"minecraft:sand":551,"minecraft:dirt":13,"minecraft:crimson_planks":19,"minecraft:netherrack":31,"minecraft:oak_leaves":35},"minecraft:dropped":{"minecraft:golden_boots":1,"minecraft:iron_ingot":4,"minecraft:bread":4,"minecraft:iron_sword":1,"minecraft:wheat_seeds":6,"minecraft:cooked_porkchop":4,"minecraft:iron_helmet":4,"minecraft:cobblestone":7,"minecraft:wooden_axe":1,"minecraft:cooked_salmon":1,"minecraft:iron_axe":1,"minecraft:sand":30,"minecraft:iron_pickaxe":1,"minecraft:gold_ingot":26,"minecraft:stone_axe":4,"minecraft:sugar_cane":1,"minecraft:stone_sword":3,"minecraft:oak_planks":28,"minecraft:cooked_mutton":7,"minecraft:filled_map":1,"minecraft:shield":3,"minecraft:oak_sapling":3,"minecraft:spider_eye":1,"minecraft:stone_pickaxe":3},"minecraft:custom":{"minecraft:mob_kills":65,"minecraft:interact_with_crafting_table":71,"minecraft:leave_game":6,"minecraft:time_since_death":25061,"minecraft:climb_one_cm":11750,"minecraft:sprint_one_cm":554243,"minecraft:walk_one_cm":543203,"minecraft:damage_blocked_by_shield":520,"minecraft:drop":145,"minecraft:play_time":200233,"minecraft:deaths":9,"minecraft:sneak_time":9195,"minecraft:walk_under_water_one_cm":24433,"minecraft:boat_one_cm":337643,"minecraft:jump":5140,"minecraft:walk_on_water_one_cm":20908,"minecraft:total_world_time":200233,"minecraft:interact_with_furnace":90,"minecraft:sleep_in_bed":15,"minecraft:time_since_rest":14272,"minecraft:damage_taken":3806,"minecraft:damage_dealt":8287,"minecraft:swim_one_cm":60721,"minecraft:fly_one_cm":917812,"minecraft:open_chest":130,"minecraft:crouch_one_cm":23591,"minecraft:fall_one_cm":156632},"minecraft:picked_up":{"minecraft:wooden_axe":2,"minecraft:crafting_table":6,"minecraft:wheat":8,"minecraft:chicken":3,"minecraft:ladder":4,"minecraft:potion":3,"minecraft:gold_block":2,"minecraft:nether_brick":7,"minecraft:crimson_planks":36,"minecraft:shield":3,"minecraft:string":13,"minecraft:raw_copper":2,"minecraft:iron_axe":3,"minecraft:shroomlight":6,"minecraft:gold_nugget":105,"minecraft:bucket":1,"minecraft:beef":7,"minecraft:red_dye":2,"minecraft:oak_boat":2,"minecraft:iron_nugget":34,"minecraft:poppy":11,"minecraft:iron_pickaxe":1,"minecraft:sugar_cane":6,"minecraft:chest":3,"minecraft:furnace":1,"minecraft:stick":5,"minecraft:raw_iron":36,"minecraft:sandstone":26,"minecraft:oak_door":5,"minecraft:torch":2,"minecraft:fire_charge":9,"minecraft:porkchop":24,"minecraft:stone_sword":3,"minecraft:weeping_vines":2,"minecraft:rotten_flesh":7,"minecraft:arrow":14,"minecraft:stone_shovel":1,"minecraft:jungle_stairs":2,"minecraft:obsidian":17,"minecraft:mutton":51,"minecraft:white_wool":17,"minecraft:cobblestone":179,"minecraft:birch_log":15,"minecraft:magma_block":17,"minecraft:leather_chestplate":1,"minecraft:feather":1,"minecraft:brown_wool":1,"minecraft:crimson_stem":70,"minecraft:salmon":3,"minecraft:leather":7,"minecraft:yellow_dye":2,"minecraft:oak_log":222,"minecraft:wooden_hoe":1,"minecraft:dirt":52,"minecraft:white_banner":2,"minecraft:cooked_mutton":18,"minecraft:glass":16,"minecraft:bone":13,"minecraft:wheat_seeds":27,"minecraft:stone_pickaxe":8,"minecraft:yellow_stained_glass":16,"minecraft:soul_sand":34,"minecraft:oak_planks":198,"minecraft:warped_fungus":1,"minecraft:pumpkin":4,"minecraft:birch_boat":3,"minecraft:quartz":5,"minecraft:dandelion":4,"minecraft:stripped_crimson_stem":6,"minecraft:sand":668,"minecraft:white_bed":2,"minecraft:crying_obsidian":22,"minecraft:spider_eye":1,"minecraft:sugar":1,"minecraft:stone_axe":2,"minecraft:iron_helmet":4,"minecraft:granite":15,"minecraft:gray_wool":5,"minecraft:bread":2,"minecraft:warped_roots":1,"minecraft:oak_sapling":18,"minecraft:netherrack":42,"minecraft:black_wool":5,"minecraft:coal":12,"minecraft:crimson_roots":5,"minecraft:ender_pearl":4}},"DataVersion":3120}