{"stats":{"minecraft:killed":{"minecraft:piglin":1,"minecraft:salmon":6,"minecraft:squid":1,"minecraft:sheep":3,"minecraft:pillager":2,"minecraft:zombie":1},"minecraft:crafted":{"minecraft:oak_planks":116,"minecraft:wooden_shovel":1,"minecraft:wooden_hoe":1,"minecraft:stick":12,"minecraft:stone_pickaxe":2,"minecraft:stone_sword":1},"minecraft:broken":{"minecraft:stone_axe":1},"minecraft:killed_by":{"minecraft:piglin":2,"minecraft:creeper":2,"minecraft:pillager":1},"minecraft:used":{"minecraft:golden_boots":1,"minecraft:wheat_seeds":9,"minecraft:cooked_mutton":5,"minecraft:stone_sword":25,"minecraft:stone_pickaxe":75,"minecraft:oak_planks":12,"minecraft:iron_sword":20,"minecraft:wooden_shovel":61,"minecraft:cooked_salmon":1,"minecraft:rotten_flesh":1,"minecraft:netherrack":16,"minecraft:salmon":1,"minecraft:soul_sand":2,"minecraft:dirt":21,"minecraft:sand":26,"minecraft:mutton":2,"minecraft:white_bed":1,"minecraft:wooden_hoe":7,"minecraft:apple":1,"minecraft:iron_axe":99,"minecraft:bread":2,"minecraft:iron_helmet":1,"minecraft:stone_axe":61,"minecraft:cobblestone":1,"minecraft:beef":2,"minecraft:cooked_porkchop":3,"minecraft:oak_boat":1},"minecraft:mined":{"minecraft:nether_gold_ore":12,"minecraft:white_bed":1,"minecraft:farmland":1,"minecraft:soul_sand":2,"minecraft:grass_block":25,"minecraft:sugar_cane":11,"minecraft:crimson_stem":11,"minecraft:glowstone":12,"minecraft:wheat":3,"minecraft:birch_leaves":1,"minecraft:bee_nest":1,"minecraft:grass":22,"minecraft:coal_ore":2,"minecraft:oak_log":109,"minecraft:dirt_path":1,"minecraft:gravel":11,"minecraft:sand":25,"minecraft:dirt":22,"minecraft:netherrack":20,"minecraft:stripped_crimson_stem":3,"minecraft:oak_leaves":43},"minecraft:dropped":{"minecraft:oak_log":78,"minecraft:stone_sword":1,"minecraft:white_bed":1,"minecraft:coal":1,"minecraft:gold_nugget":26,"minecraft:sand":13,"minecraft:white_banner":1,"minecraft:iron_axe":1},"minecraft:custom":{"minecraft:interact_with_furnace":2,"minecraft:mob_kills":12,"minecraft:interact_with_crafting_table":5,"minecraft:leave_game":1,"minecraft:time_since_death":19733,"minecraft:sleep_in_bed":5,"minecraft:climb_one_cm":5407,"minecraft:time_since_rest":14142,"minecraft:sprint_one_cm":329978,"minecraft:damage_taken":2818,"minecraft:walk_one_cm":212357,"minecraft:drop":110,"minecraft:damage_dealt":1465,"minecraft:swim_one_cm":42857,"minecraft:fly_one_cm":244267,"minecraft:open_chest":12,"minecraft:crouch_one_cm":4244,"minecraft:play_time":93501,"minecraft:deaths":8,"minecraft:sneak_time":1220,"minecraft:walk_under_water_one_cm":19937,"minecraft:boat_one_cm":74113,"minecraft:jump":1710,"minecraft:walk_on_water_one_cm":20649,"minecraft:total_world_time":93501,"minecraft:fall_one_cm":57808},"minecraft:picked_up":{"minecraft:birch_log":2,"minecraft:crimson_stem":9,"minecraft:salmon":6,"minecraft:flint":2,"minecraft:oak_log":107,"minecraft:golden_boots":1,"minecraft:shield":2,"minecraft:dirt":45,"minecraft:white_banner":2,"minecraft:iron_axe":1,"minecraft:cooked_salmon":1,"minecraft:cooked_mutton":6,"minecraft:apple":1,"minecraft:wheat_seeds":9,"minecraft:gold_nugget":46,"minecraft:stone_pickaxe":4,"minecraft:oak_boat":2,"minecraft:glowstone_dust":37,"minecraft:sugar_cane":9,"minecraft:iron_sword":2,"minecraft:oak_planks":92,"minecraft:soul_sand":6,"minecraft:stick":4,"minecraft:warped_fungus":1,"minecraft:cooked_porkchop":4,"minecraft:stripped_crimson_stem":3,"minecraft:sand":88,"minecraft:ink_sac":5,"minecraft:white_bed":2,"minecraft:stone_sword":5,"minecraft:rotten_flesh":1,"minecraft:stone_axe":4,"minecraft:iron_helmet":2,"minecraft:bread":2,"minecraft:warped_roots":1,"minecraft:oak_sapling":8,"minecraft:netherrack":18,"minecraft:mutton":4,"minecraft:coal":5,"minecraft:crimson_roots":1,"minecraft:white_wool":2,"minecraft:cobblestone":69}},"DataVersion":3120}