{"stats":{"minecraft:killed":{"minecraft:piglin":1,"minecraft:salmon":6,"minecraft:squid":1,"minecraft:sheep":3,"minecraft:pillager":2,"minecraft:zombie":1,"minecraft:bee":1,"minecraft:drowned":1},"minecraft:broken":{"minecraft:stone_axe":1},"minecraft:used":{"minecraft:golden_boots":1,"minecraft:wheat_seeds":9,"minecraft:cooked_mutton":5,"minecraft:stone_sword":25,"minecraft:stone_pickaxe":75,"minecraft:oak_planks":12,"minecraft:shield":5,"minecraft:iron_sword":26,"minecraft:wooden_shovel":62,"minecraft:cooked_salmon":1,"minecraft:rotten_flesh":1,"minecraft:netherrack":16,"minecraft:salmon":1,"minecraft:sand":26,"minecraft:soul_sand":2,"minecraft:dirt":30,"minecraft:mutton":4,"minecraft:white_bed":1,"minecraft:wooden_hoe":7,"minecraft:apple":1,"minecraft:iron_axe":99,"minecraft:bread":2,"minecraft:iron_helmet":1,"minecraft:fishing_rod":8,"minecraft:stone_axe":61,"minecraft:cobblestone":1,"minecraft:beef":2,"minecraft:cooked_porkchop":4,"minecraft:oak_boat":3},"minecraft:picked_up":{"minecraft:birch_log":2,"minecraft:crimson_stem":9,"minecraft:salmon":7,"minecraft:flint":2,"minecraft:oak_log":107,"minecraft:golden_boots":1,"minecraft:shield":3,"minecraft:dirt":45,"minecraft:white_banner":2,"minecraft:iron_axe":1,"minecraft:cooked_salmon":1,"minecraft:cooked_mutton":6,"minecraft:apple":1,"minecraft:wheat_seeds":9,"minecraft:gold_nugget":46,"minecraft:stone_pickaxe":4,"minecraft:oak_boat":3,"minecraft:glowstone_dust":37,"minecraft:sugar_cane":9,"minecraft:oak_planks":92,"minecraft:iron_sword":2,"minecraft:soul_sand":6,"minecraft:stick":4,"minecraft:warped_fungus":1,"minecraft:cooked_porkchop":4,"minecraft:gravel":5,"minecraft:stripped_crimson_stem":3,"minecraft:sand":88,"minecraft:ink_sac":5,"minecraft:white_bed":2,"minecraft:stone_sword":5,"minecraft:rotten_flesh":2,"minecraft:stone_axe":4,"minecraft:iron_helmet":2,"minecraft:bread":2,"minecraft:warped_roots":1,"minecraft:oak_sapling":8,"minecraft:netherrack":18,"minecraft:mutton":4,"minecraft:cod":1,"minecraft:coal":5,"minecraft:white_wool":2,"minecraft:crimson_roots":1,"minecraft:cobblestone":69},"minecraft:crafted":{"minecraft:oak_planks":116,"minecraft:wooden_shovel":1,"minecraft:wooden_hoe":1,"minecraft:stick":12,"minecraft:stone_pickaxe":2,"minecraft:stone_sword":1},"minecraft:mined":{"minecraft:nether_gold_ore":12,"minecraft:white_bed":1,"minecraft:farmland":1,"minecraft:soul_sand":2,"minecraft:grass_block":25,"minecraft:sugar_cane":11,"minecraft:crimson_stem":11,"minecraft:seagrass":1,"minecraft:glowstone":12,"minecraft:wheat":3,"minecraft:birch_leaves":1,"minecraft:bee_nest":2,"minecraft:grass":22,"minecraft:oak_log":109,"minecraft:coal_ore":2,"minecraft:dirt_path":1,"minecraft:dirt":22,"minecraft:gravel":12,"minecraft:sand":25,"minecraft:netherrack":20,"minecraft:stripped_crimson_stem":3,"minecraft:oak_leaves":43},"minecraft:killed_by":{"minecraft:piglin":2,"minecraft:creeper":3,"minecraft:pillager":1},"minecraft:custom":{"minecraft:interact_with_furnace":2,"minecraft:mob_kills":14,"minecraft:interact_with_crafting_table":5,"minecraft:leave_game":1,"minecraft:time_since_death":3331,"minecraft:sleep_in_bed":6,"minecraft:climb_one_cm":5407,"minecraft:time_since_rest":3357,"minecraft:sprint_one_cm":333998,"minecraft:damage_taken":3331,"minecraft:walk_one_cm":225841,"minecraft:damage_blocked_by_shield":120,"minecraft:drop":111,"minecraft:damage_dealt":1872,"minecraft:swim_one_cm":67730,"minecraft:fly_one_cm":248809,"minecraft:open_chest":16,"minecraft:crouch_one_cm":4661,"minecraft:play_time":102142,"minecraft:deaths":10,"minecraft:sneak_time":1416,"minecraft:walk_under_water_one_cm":27084,"minecraft:boat_one_cm":91009,"minecraft:jump":1805,"minecraft:walk_on_water_one_cm":29105,"minecraft:total_world_time":102142,"minecraft:fish_caught":2,"minecraft:fall_one_cm":60265},"minecraft:dropped":{"minecraft:oak_log":78,"minecraft:stone_sword":1,"minecraft:white_bed":1,"minecraft:coal":1,"minecraft:shield":1,"minecraft:gold_nugget":26,"minecraft:sand":13,"minecraft:white_banner":1,"minecraft:iron_axe":1}},"DataVersion":3120}