{"stats":{"minecraft:killed":{"minecraft:skeleton":2,"minecraft:bee":1,"minecraft:drowned":1,"minecraft:piglin":1,"minecraft:salmon":6,"minecraft:squid":1,"minecraft:sheep":3,"minecraft:pillager":2,"minecraft:zombie":1},"minecraft:broken":{"minecraft:wooden_shovel":1,"minecraft:stone_axe":1,"minecraft:stone_shovel":1},"minecraft:used":{"minecraft:stone_sword":25,"minecraft:stone_shovel":131,"minecraft:shield":18,"minecraft:iron_sword":31,"minecraft:wooden_shovel":81,"minecraft:cooked_salmon":4,"minecraft:rotten_flesh":2,"minecraft:netherrack":16,"minecraft:iron_chestplate":1,"minecraft:torch":2,"minecraft:dirt":33,"minecraft:soul_sand":2,"minecraft:mutton":4,"minecraft:iron_axe":99,"minecraft:iron_helmet":2,"minecraft:iron_boots":1,"minecraft:beef":2,"minecraft:cooked_cod":7,"minecraft:iron_leggings":1,"minecraft:golden_boots":1,"minecraft:wheat_seeds":9,"minecraft:cooked_mutton":5,"minecraft:stone_pickaxe":75,"minecraft:oak_planks":12,"minecraft:ender_pearl":1,"minecraft:salmon":1,"minecraft:sand":26,"minecraft:white_bed":1,"minecraft:wooden_hoe":7,"minecraft:apple":1,"minecraft:bread":2,"minecraft:iron_pickaxe":55,"minecraft:stone_axe":61,"minecraft:fishing_rod":71,"minecraft:cobblestone":1,"minecraft:cooked_porkchop":4,"minecraft:oak_boat":3},"minecraft:picked_up":{"minecraft:fishing_rod":2,"minecraft:iron_chestplate":5,"minecraft:diamond_sword":1,"minecraft:shield":7,"minecraft:iron_axe":5,"minecraft:cooked_salmon":1,"minecraft:iron_leggings":4,"minecraft:pufferfish":9,"minecraft:gold_nugget":46,"minecraft:cobbled_deepslate":2,"minecraft:oak_boat":3,"minecraft:wooden_shovel":1,"minecraft:iron_pickaxe":1,"minecraft:sugar_cane":9,"minecraft:iron_boots":5,"minecraft:raw_iron":43,"minecraft:stick":8,"minecraft:torch":7,"minecraft:redstone":42,"minecraft:rotten_flesh":5,"minecraft:stone_sword":5,"minecraft:arrow":15,"minecraft:stone_shovel":1,"minecraft:cooked_cod":6,"minecraft:mutton":4,"minecraft:cod":17,"minecraft:white_wool":3,"minecraft:cobblestone":105,"minecraft:birch_log":2,"minecraft:crimson_stem":9,"minecraft:water_bucket":1,"minecraft:salmon":16,"minecraft:flint":2,"minecraft:oak_log":107,"minecraft:golden_boots":1,"minecraft:wooden_hoe":2,"minecraft:lapis_lazuli":37,"minecraft:dirt":252,"minecraft:white_banner":2,"minecraft:cooked_mutton":6,"minecraft:leather_boots":2,"minecraft:bone":12,"minecraft:apple":1,"minecraft:bow":5,"minecraft:wheat_seeds":9,"minecraft:raw_gold":6,"minecraft:stone_pickaxe":5,"minecraft:glowstone_dust":37,"minecraft:iron_sword":5,"minecraft:oak_planks":136,"minecraft:soul_sand":6,"minecraft:warped_fungus":1,"minecraft:cooked_porkchop":9,"minecraft:stripped_crimson_stem":3,"minecraft:gravel":5,"minecraft:sand":88,"minecraft:ink_sac":5,"minecraft:white_bed":2,"minecraft:stone_axe":5,"minecraft:iron_helmet":6,"minecraft:warped_roots":1,"minecraft:bread":6,"minecraft:oak_sapling":8,"minecraft:netherrack":18,"minecraft:coal":37,"minecraft:crimson_roots":1},"minecraft:crafted":{"minecraft:oak_planks":116,"minecraft:stone_pickaxe":2,"minecraft:cooked_cod":17,"minecraft:wooden_shovel":1,"minecraft:cooked_salmon":4,"minecraft:bucket":1,"minecraft:wooden_hoe":1,"minecraft:stick":12,"minecraft:iron_ingot":40,"minecraft:stone_sword":1},"minecraft:mined":{"minecraft:nether_gold_ore":12,"minecraft:white_bed":1,"minecraft:farmland":1,"minecraft:grass_block":91,"minecraft:crimson_stem":11,"minecraft:redstone_ore":9,"minecraft:glowstone":12,"minecraft:iron_ore":8,"minecraft:deepslate_lapis_ore":1,"minecraft:dirt_path":1,"minecraft:deepslate_iron_ore":1,"minecraft:stone":13,"minecraft:soul_sand":2,"minecraft:lapis_ore":3,"minecraft:sugar_cane":11,"minecraft:wall_torch":2,"minecraft:seagrass":1,"minecraft:wheat":3,"minecraft:birch_leaves":1,"minecraft:bee_nest":2,"minecraft:grass":22,"minecraft:coal_ore":20,"minecraft:oak_log":109,"minecraft:gravel":12,"minecraft:sand":25,"minecraft:dirt":112,"minecraft:netherrack":20,"minecraft:stripped_crimson_stem":3,"minecraft:oak_leaves":43},"minecraft:killed_by":{"minecraft:creeper":5,"minecraft:pillager":1,"minecraft:piglin":2,"minecraft:skeleton":2,"minecraft:zombie":1},"minecraft:custom":{"minecraft:mob_kills":16,"minecraft:interact_with_crafting_table":8,"minecraft:leave_game":2,"minecraft:time_since_death":759,"minecraft:climb_one_cm":8119,"minecraft:sprint_one_cm":448140,"minecraft:walk_one_cm":318554,"minecraft:damage_blocked_by_shield":1020,"minecraft:drop":263,"minecraft:play_time":150467,"minecraft:sneak_time":1560,"minecraft:deaths":16,"minecraft:walk_under_water_one_cm":27556,"minecraft:boat_one_cm":91009,"minecraft:jump":2371,"minecraft:walk_on_water_one_cm":35579,"minecraft:total_world_time":150467,"minecraft:interact_with_furnace":22,"minecraft:sleep_in_bed":9,"minecraft:time_since_rest":793,"minecraft:damage_taken":5467,"minecraft:damage_dealt":2219,"minecraft:swim_one_cm":67730,"minecraft:fly_one_cm":317300,"minecraft:open_chest":21,"minecraft:crouch_one_cm":5480,"minecraft:fish_caught":30,"minecraft:fall_one_cm":80852},"minecraft:dropped":{"minecraft:iron_ingot":43,"minecraft:oak_log":78,"minecraft:coal":1,"minecraft:cod":7,"minecraft:dirt":152,"minecraft:wooden_hoe":1,"minecraft:cooked_cod":1,"minecraft:iron_axe":1,"minecraft:gold_nugget":26,"minecraft:white_banner":1,"minecraft:sand":13,"minecraft:white_wool":1,"minecraft:stone_sword":1,"minecraft:iron_boots":1,"minecraft:white_bed":1,"minecraft:salmon":6,"minecraft:shield":1,"minecraft:iron_chestplate":1,"minecraft:leather_boots":2,"minecraft:bow":1}},"DataVersion":3120}