{"stats":{"minecraft:killed":{"minecraft:spider":3,"minecraft:skeleton":6,"minecraft:turtle":1,"minecraft:pig":8,"minecraft:creeper":1,"minecraft:sheep":2,"minecraft:zombie":12,"minecraft:cow":2,"minecraft:enderman":1},"minecraft:broken":{"minecraft:iron_shovel":1,"minecraft:stone_axe":1,"minecraft:iron_pickaxe":5,"minecraft:stone_shovel":1},"minecraft:used":{"minecraft:iron_shovel":499,"minecraft:flint_and_steel":23,"minecraft:stone_shovel":135,"minecraft:chest":11,"minecraft:iron_sword":59,"minecraft:netherrack":37,"minecraft:torch":307,"minecraft:dirt":20,"minecraft:jungle_planks":1,"minecraft:wooden_axe":54,"minecraft:birch_sapling":1,"minecraft:furnace":12,"minecraft:cooked_beef":1,"minecraft:cobbled_deepslate":3,"minecraft:cooked_mutton":3,"minecraft:water_bucket":21,"minecraft:birch_planks":14,"minecraft:stone_pickaxe":79,"minecraft:wooden_pickaxe":27,"minecraft:birch_boat":3,"minecraft:sandstone":5,"minecraft:sugar_cane":45,"minecraft:oak_leaves":31,"minecraft:sand":158,"minecraft:crafting_table":7,"minecraft:white_bed":9,"minecraft:shears":61,"minecraft:iron_pickaxe":1510,"minecraft:stone_axe":321,"minecraft:cobblestone":113,"minecraft:cooked_porkchop":22,"minecraft:andesite":28,"minecraft:bucket":22,"minecraft:birch_log":14,"minecraft:bone_meal":1},"minecraft:picked_up":{"minecraft:charcoal":2,"minecraft:crafting_table":7,"minecraft:oak_stairs":3,"minecraft:stone_brick_wall":4,"minecraft:stone_brick_stairs":5,"minecraft:string":3,"minecraft:raw_copper":10,"minecraft:cracked_stone_bricks":2,"minecraft:gold_nugget":7,"minecraft:cobbled_deepslate":9,"minecraft:spruce_planks":33,"minecraft:beef":4,"minecraft:iron_pickaxe":1,"minecraft:spruce_slab":3,"minecraft:sugar_cane":202,"minecraft:chest":6,"minecraft:birch_sapling":4,"minecraft:furnace":8,"minecraft:stick":4,"minecraft:raw_iron":198,"minecraft:sandstone":544,"minecraft:jungle_door":1,"minecraft:torch":207,"minecraft:spruce_stairs":4,"minecraft:spruce_fence":1,"minecraft:diorite":10,"minecraft:arrow":6,"minecraft:rotten_flesh":11,"minecraft:jungle_stairs":50,"minecraft:peony":2,"minecraft:mutton":2,"minecraft:white_wool":10,"minecraft:cobblestone":582,"minecraft:birch_log":54,"minecraft:magma_block":27,"minecraft:cooked_beef":1,"minecraft:andesite":39,"minecraft:water_bucket":1,"minecraft:jungle_log":8,"minecraft:leather":7,"minecraft:birch_planks":10,"minecraft:oak_log":11,"minecraft:gunpowder":2,"minecraft:lapis_lazuli":91,"minecraft:dirt":70,"minecraft:cooked_mutton":2,"minecraft:bone":5,"minecraft:apple":3,"minecraft:stone_bricks":9,"minecraft:bow":2,"minecraft:raw_gold":15,"minecraft:iron_ingot":4,"minecraft:mossy_stone_brick_stairs":1,"minecraft:iron_sword":1,"minecraft:cooked_porkchop":22,"minecraft:birch_boat":6,"minecraft:chiseled_stone_bricks":1,"minecraft:stone_brick_slab":3,"minecraft:gravel":1,"minecraft:jungle_planks":71,"minecraft:sand":1687,"minecraft:white_bed":6,"minecraft:grass_block":2,"minecraft:spider_eye":1,"minecraft:mossy_stone_brick_slab":2,"minecraft:jungle_slab":1,"minecraft:stone_axe":2,"minecraft:granite":61,"minecraft:bone_meal":3,"minecraft:emerald":4,"minecraft:oak_sapling":2,"minecraft:coal":111,"minecraft:netherrack":207,"minecraft:oak_leaves":91,"minecraft:ender_pearl":1},"minecraft:crafted":{"minecraft:oak_planks":44,"minecraft:stone_shovel":1,"minecraft:furnace":6,"minecraft:bone_meal":6,"minecraft:cooked_mutton":2,"minecraft:iron_boots":1,"minecraft:stone_pickaxe":1,"minecraft:chest":6,"minecraft:crafting_table":3,"minecraft:wooden_pickaxe":1,"minecraft:iron_helmet":1,"minecraft:iron_sword":1,"minecraft:bucket":1,"minecraft:birch_planks":140,"minecraft:stone_axe":3,"minecraft:air":0,"minecraft:iron_chestplate":1,"minecraft:charcoal":5,"minecraft:shield":1,"minecraft:stick":52,"minecraft:iron_ingot":43,"minecraft:iron_pickaxe":5,"minecraft:wooden_axe":1,"minecraft:iron_shovel":2,"minecraft:iron_leggings":1,"minecraft:white_bed":3,"minecraft:torch":112,"minecraft:shears":1},"minecraft:mined":{"minecraft:spruce_planks":34,"minecraft:white_bed":6,"minecraft:mossy_stone_brick_slab":2,"minecraft:jungle_slab":1,"minecraft:glow_lichen":1,"minecraft:granite":62,"minecraft:grass_block":17,"minecraft:spruce_fence":1,"minecraft:stone_brick_wall":4,"minecraft:jungle_planks":72,"minecraft:jungle_log":8,"minecraft:sandstone":315,"minecraft:chiseled_stone_bricks":1,"minecraft:magma_block":28,"minecraft:furnace":8,"minecraft:iron_ore":125,"minecraft:fire":18,"minecraft:andesite":39,"minecraft:peony":2,"minecraft:mossy_stone_brick_stairs":1,"minecraft:deepslate_iron_ore":22,"minecraft:oak_stairs":3,"minecraft:stone":482,"minecraft:spruce_slab":3,"minecraft:stone_brick_slab":3,"minecraft:crafting_table":6,"minecraft:torch":154,"minecraft:jungle_stairs":26,"minecraft:chest":6,"minecraft:copper_ore":2,"minecraft:cobblestone":25,"minecraft:deepslate_coal_ore":3,"minecraft:lapis_ore":14,"minecraft:deepslate_gold_ore":2,"minecraft:sugar_cane":108,"minecraft:diorite":9,"minecraft:wall_torch":32,"minecraft:spruce_stairs":4,"minecraft:birch_planks":6,"minecraft:birch_log":56,"minecraft:birch_leaves":1,"minecraft:stone_brick_stairs":5,"minecraft:grass":8,"minecraft:oak_log":10,"minecraft:coal_ore":80,"minecraft:sand":655,"minecraft:dirt":54,"minecraft:cracked_stone_bricks":2,"minecraft:stone_bricks":9,"minecraft:netherrack":208,"minecraft:gold_ore":13,"minecraft:oak_leaves":84,"minecraft:deepslate":2},"minecraft:custom":{"minecraft:mob_kills":39,"minecraft:interact_with_crafting_table":27,"minecraft:leave_game":21,"minecraft:time_since_death":164177,"minecraft:sprint_one_cm":346937,"minecraft:walk_one_cm":419355,"minecraft:drop":17,"minecraft:play_time":164177,"minecraft:sneak_time":24827,"minecraft:walk_under_water_one_cm":6276,"minecraft:boat_one_cm":44100,"minecraft:jump":2617,"minecraft:walk_on_water_one_cm":14927,"minecraft:total_world_time":164177,"minecraft:interact_with_furnace":35,"minecraft:sleep_in_bed":9,"minecraft:time_since_rest":3133,"minecraft:damage_taken":1704,"minecraft:damage_dealt":5845,"minecraft:fly_one_cm":412002,"minecraft:open_chest":38,"minecraft:crouch_one_cm":86603,"minecraft:fall_one_cm":62980},"minecraft:dropped":{"minecraft:water_bucket":1,"minecraft:iron_sword":1,"minecraft:cobblestone":55,"minecraft:jungle_slab":1,"minecraft:sand":202,"minecraft:stone_axe":1,"minecraft:birch_sapling":2,"minecraft:raw_iron":30,"minecraft:oak_sapling":2,"minecraft:spruce_slab":3,"minecraft:sandstone":76}},"DataVersion":3120}