{"stats":{"minecraft:custom":{"minecraft:mob_kills":205,"minecraft:interact_with_crafting_table":68,"minecraft:leave_game":28,"minecraft:time_since_death":356066,"minecraft:climb_one_cm":1255,"minecraft:sprint_one_cm":803517,"minecraft:walk_one_cm":961817,"minecraft:damage_blocked_by_shield":880,"minecraft:drop":28,"minecraft:play_time":356066,"minecraft:sneak_time":41381,"minecraft:walk_under_water_one_cm":19187,"minecraft:boat_one_cm":394197,"minecraft:jump":6643,"minecraft:walk_on_water_one_cm":40432,"minecraft:total_world_time":356066,"minecraft:interact_with_furnace":72,"minecraft:sleep_in_bed":30,"minecraft:time_since_rest":6035,"minecraft:damage_taken":3687,"minecraft:damage_dealt":23190,"minecraft:swim_one_cm":4915,"minecraft:fly_one_cm":1105771,"minecraft:open_chest":118,"minecraft:crouch_one_cm":143316,"minecraft:fall_one_cm":152798},"minecraft:dropped":{"minecraft:water_bucket":2,"minecraft:iron_sword":2,"minecraft:wheat_seeds":1,"minecraft:diamond":1,"minecraft:cobblestone":55,"minecraft:dirt":2,"minecraft:jungle_slab":1,"minecraft:sand":202,"minecraft:iron_pickaxe":1,"minecraft:gravel":1,"minecraft:stone_axe":1,"minecraft:sugar_cane":4,"minecraft:birch_sapling":2,"minecraft:raw_iron":30,"minecraft:oak_sapling":2,"minecraft:spruce_slab":3,"minecraft:sandstone":76,"minecraft:netherrack":2,"minecraft:egg":1},"minecraft:crafted":{"minecraft:oak_planks":144,"minecraft:stone_shovel":1,"minecraft:furnace":6,"minecraft:bone_meal":6,"minecraft:bookshelf":23,"minecraft:cooked_mutton":2,"minecraft:flint_and_steel":1,"minecraft:iron_boots":1,"minecraft:iron_axe":3,"minecraft:stone_pickaxe":1,"minecraft:chest":8,"minecraft:crafting_table":7,"minecraft:enchanting_table":1,"minecraft:wooden_pickaxe":1,"minecraft:iron_helmet":1,"minecraft:iron_sword":1,"minecraft:bucket":1,"minecraft:birch_planks":180,"minecraft:stone_axe":3,"minecraft:air":0,"minecraft:jungle_planks":32,"minecraft:oak_boat":1,"minecraft:iron_chestplate":1,"minecraft:book":63,"minecraft:paper":243,"minecraft:diamond_pickaxe":1,"minecraft:charcoal":5,"minecraft:shield":1,"minecraft:stick":100,"minecraft:iron_ingot":116,"minecraft:iron_pickaxe":10,"minecraft:wooden_axe":1,"minecraft:iron_shovel":4,"minecraft:iron_leggings":1,"minecraft:white_bed":5,"minecraft:torch":196,"minecraft:shears":1},"minecraft:picked_up":{"minecraft:charcoal":2,"minecraft:crafting_table":11,"minecraft:allium":1,"minecraft:wooden_pickaxe":1,"minecraft:oak_stairs":3,"minecraft:stone_brick_wall":4,"minecraft:gold_block":2,"minecraft:stone_brick_stairs":5,"minecraft:string":7,"minecraft:raw_copper":21,"minecraft:flint_and_steel":1,"minecraft:cracked_stone_bricks":2,"minecraft:gold_nugget":7,"minecraft:cobbled_deepslate":137,"minecraft:spruce_planks":33,"minecraft:beef":5,"minecraft:oak_boat":2,"minecraft:light_gray_wool":3,"minecraft:iron_pickaxe":2,"minecraft:spruce_slab":3,"minecraft:lectern":1,"minecraft:sugar_cane":360,"minecraft:chest":7,"minecraft:birch_sapling":5,"minecraft:furnace":8,"minecraft:egg":2,"minecraft:stick":5,"minecraft:raw_iron":256,"minecraft:sandstone":937,"minecraft:jungle_door":1,"minecraft:torch":497,"minecraft:spruce_stairs":8,"minecraft:spruce_fence":1,"minecraft:diorite":26,"minecraft:redstone":9,"minecraft:arrow":6,"minecraft:rotten_flesh":32,"minecraft:jungle_stairs":51,"minecraft:peony":2,"minecraft:obsidian":4,"minecraft:mutton":3,"minecraft:white_wool":78,"minecraft:cobblestone":915,"minecraft:birch_log":64,"minecraft:magma_block":27,"minecraft:cooked_beef":68,"minecraft:andesite":99,"minecraft:water_bucket":2,"minecraft:jungle_log":8,"minecraft:leather":66,"minecraft:birch_planks":14,"minecraft:flint":1,"minecraft:oak_log":36,"minecraft:gunpowder":2,"minecraft:lapis_lazuli":170,"minecraft:dirt":166,"minecraft:cooked_mutton":101,"minecraft:bone":7,"minecraft:apple":3,"minecraft:stone_bricks":9,"minecraft:bow":2,"minecraft:wheat_seeds":25,"minecraft:raw_gold":15,"minecraft:iron_ingot":4,"minecraft:stone_pickaxe":1,"minecraft:iron_sword":2,"minecraft:oak_planks":13,"minecraft:mossy_stone_brick_stairs":1,"minecraft:book":12,"minecraft:cooked_porkchop":64,"minecraft:birch_boat":15,"minecraft:chiseled_stone_bricks":1,"minecraft:stone_brick_slab":3,"minecraft:gravel":3,"minecraft:sand":2669,"minecraft:jungle_planks":73,"minecraft:white_bed":11,"minecraft:grass_block":2,"minecraft:mossy_stone_brick_slab":2,"minecraft:jungle_slab":1,"minecraft:spider_eye":2,"minecraft:diamond":6,"minecraft:stone_axe":2,"minecraft:granite":61,"minecraft:bone_meal":3,"minecraft:gray_wool":1,"minecraft:emerald":4,"minecraft:oak_sapling":2,"minecraft:netherrack":238,"minecraft:black_wool":1,"minecraft:coal":238,"minecraft:oak_leaves":91,"minecraft:ender_pearl":1},"minecraft:broken":{"minecraft:iron_shovel":3,"minecraft:flint_and_steel":3,"minecraft:iron_axe":2,"minecraft:stone_axe":1,"minecraft:iron_sword":1,"minecraft:iron_pickaxe":9,"minecraft:stone_shovel":1},"minecraft:mined":{"minecraft:tuff":22,"minecraft:spruce_planks":34,"minecraft:white_bed":11,"minecraft:deepslate_diamond_ore":6,"minecraft:mossy_stone_brick_slab":2,"minecraft:jungle_slab":1,"minecraft:obsidian":4,"minecraft:glow_lichen":1,"minecraft:granite":62,"minecraft:allium":1,"minecraft:stone_brick_wall":4,"minecraft:grass_block":40,"minecraft:spruce_fence":1,"minecraft:jungle_planks":72,"minecraft:jungle_log":8,"minecraft:spruce_leaves":3,"minecraft:sandstone":680,"minecraft:chiseled_stone_bricks":1,"minecraft:magma_block":28,"minecraft:redstone_ore":1,"minecraft:furnace":8,"minecraft:iron_ore":160,"minecraft:fire":67,"minecraft:andesite":99,"minecraft:deepslate_lapis_ore":8,"minecraft:peony":2,"minecraft:gold_block":2,"minecraft:mossy_stone_brick_stairs":1,"minecraft:bookshelf":4,"minecraft:deepslate_iron_ore":45,"minecraft:dirt_path":2,"minecraft:oak_stairs":3,"minecraft:stone":784,"minecraft:spruce_slab":3,"minecraft:deepslate_redstone_ore":1,"minecraft:stone_brick_slab":3,"minecraft:dandelion":3,"minecraft:crafting_table":10,"minecraft:torch":423,"minecraft:jungle_stairs":26,"minecraft:poppy":1,"minecraft:chest":7,"minecraft:lectern":1,"minecraft:copper_ore":5,"minecraft:tall_grass":28,"minecraft:cobblestone":59,"minecraft:deepslate_coal_ore":3,"minecraft:deepslate_gold_ore":2,"minecraft:lapis_ore":18,"minecraft:oak_planks":14,"minecraft:sugar_cane":189,"minecraft:diorite":25,"minecraft:wall_torch":48,"minecraft:spruce_stairs":4,"minecraft:seagrass":1,"minecraft:birch_planks":9,"minecraft:birch_log":66,"minecraft:birch_leaves":4,"minecraft:stone_brick_stairs":5,"minecraft:grass":266,"minecraft:oak_log":37,"minecraft:coal_ore":208,"minecraft:gravel":3,"minecraft:sand":1041,"minecraft:dirt":97,"minecraft:cracked_stone_bricks":2,"minecraft:stone_bricks":9,"minecraft:netherrack":241,"minecraft:gold_ore":13,"minecraft:oak_leaves":95,"minecraft:deepslate":127},"minecraft:killed":{"minecraft:spider":5,"minecraft:skeleton":9,"minecraft:horse":26,"minecraft:turtle":1,"minecraft:pig":24,"minecraft:creeper":1,"minecraft:sheep":59,"minecraft:zombie":27,"minecraft:donkey":1,"minecraft:enderman":1,"minecraft:cow":33},"minecraft:used":{"minecraft:enchanting_table":1,"minecraft:iron_shovel":1008,"minecraft:flint_and_steel":195,"minecraft:stone_shovel":135,"minecraft:chest":13,"minecraft:shield":14,"minecraft:iron_sword":423,"minecraft:netherrack":199,"minecraft:torch":652,"minecraft:dirt":42,"minecraft:jungle_planks":1,"minecraft:wooden_axe":54,"minecraft:bookshelf":22,"minecraft:iron_axe":448,"minecraft:birch_sapling":1,"minecraft:furnace":12,"minecraft:egg":1,"minecraft:cooked_beef":2,"minecraft:cobbled_deepslate":3,"minecraft:cooked_mutton":40,"minecraft:water_bucket":83,"minecraft:birch_planks":19,"minecraft:stone_pickaxe":79,"minecraft:oak_planks":47,"minecraft:wooden_pickaxe":27,"minecraft:birch_boat":13,"minecraft:sandstone":11,"minecraft:sugar_cane":48,"minecraft:oak_leaves":31,"minecraft:sand":212,"minecraft:crafting_table":15,"minecraft:white_bed":14,"minecraft:shears":61,"minecraft:diamond_pickaxe":15,"minecraft:iron_pickaxe":2730,"minecraft:gravel":1,"minecraft:stone_axe":321,"minecraft:cobblestone":201,"minecraft:cooked_porkchop":22,"minecraft:andesite":28,"minecraft:bucket":84,"minecraft:birch_log":14,"minecraft:oak_boat":2,"minecraft:gray_wool":1,"minecraft:bone_meal":1}},"DataVersion":3120}