{"stats":{"minecraft:killed":{"minecraft:spider":3,"minecraft:skeleton":7,"minecraft:horse":8,"minecraft:turtle":1,"minecraft:pig":13,"minecraft:creeper":1,"minecraft:sheep":21,"minecraft:zombie":20,"minecraft:cow":14,"minecraft:enderman":1},"minecraft:broken":{"minecraft:iron_shovel":3,"minecraft:flint_and_steel":1,"minecraft:iron_axe":1,"minecraft:stone_axe":1,"minecraft:iron_pickaxe":7,"minecraft:stone_shovel":1},"minecraft:used":{"minecraft:iron_shovel":1008,"minecraft:flint_and_steel":74,"minecraft:stone_shovel":135,"minecraft:chest":11,"minecraft:iron_sword":264,"minecraft:netherrack":197,"minecraft:torch":598,"minecraft:dirt":32,"minecraft:jungle_planks":1,"minecraft:wooden_axe":54,"minecraft:iron_axe":223,"minecraft:birch_sapling":1,"minecraft:furnace":12,"minecraft:cooked_beef":1,"minecraft:cobbled_deepslate":3,"minecraft:cooked_mutton":15,"minecraft:water_bucket":24,"minecraft:birch_planks":14,"minecraft:stone_pickaxe":79,"minecraft:oak_planks":23,"minecraft:wooden_pickaxe":27,"minecraft:birch_boat":6,"minecraft:sandstone":11,"minecraft:sugar_cane":45,"minecraft:oak_leaves":31,"minecraft:sand":212,"minecraft:crafting_table":9,"minecraft:white_bed":10,"minecraft:shears":61,"minecraft:iron_pickaxe":2141,"minecraft:gravel":1,"minecraft:stone_axe":321,"minecraft:cobblestone":118,"minecraft:cooked_porkchop":22,"minecraft:andesite":28,"minecraft:bucket":25,"minecraft:birch_log":14,"minecraft:bone_meal":1},"minecraft:picked_up":{"minecraft:charcoal":2,"minecraft:crafting_table":8,"minecraft:wooden_pickaxe":1,"minecraft:oak_stairs":3,"minecraft:stone_brick_wall":4,"minecraft:stone_brick_stairs":5,"minecraft:string":3,"minecraft:raw_copper":21,"minecraft:flint_and_steel":1,"minecraft:cracked_stone_bricks":2,"minecraft:gold_nugget":7,"minecraft:cobbled_deepslate":9,"minecraft:spruce_planks":33,"minecraft:beef":5,"minecraft:light_gray_wool":2,"minecraft:iron_pickaxe":1,"minecraft:spruce_slab":3,"minecraft:sugar_cane":277,"minecraft:chest":7,"minecraft:birch_sapling":5,"minecraft:furnace":8,"minecraft:stick":4,"minecraft:raw_iron":198,"minecraft:sandstone":937,"minecraft:jungle_door":1,"minecraft:torch":482,"minecraft:spruce_stairs":8,"minecraft:spruce_fence":1,"minecraft:diorite":11,"minecraft:arrow":6,"minecraft:rotten_flesh":25,"minecraft:jungle_stairs":51,"minecraft:peony":2,"minecraft:mutton":3,"minecraft:white_wool":38,"minecraft:cobblestone":734,"minecraft:birch_log":64,"minecraft:magma_block":27,"minecraft:cooked_beef":25,"minecraft:andesite":59,"minecraft:water_bucket":2,"minecraft:jungle_log":8,"minecraft:leather":24,"minecraft:birch_planks":14,"minecraft:flint":1,"minecraft:oak_log":16,"minecraft:gunpowder":2,"minecraft:lapis_lazuli":91,"minecraft:dirt":160,"minecraft:cooked_mutton":34,"minecraft:bone":5,"minecraft:apple":3,"minecraft:stone_bricks":9,"minecraft:bow":2,"minecraft:wheat_seeds":14,"minecraft:raw_gold":15,"minecraft:stone_pickaxe":1,"minecraft:iron_ingot":4,"minecraft:mossy_stone_brick_stairs":1,"minecraft:iron_sword":1,"minecraft:oak_planks":2,"minecraft:cooked_porkchop":32,"minecraft:birch_boat":9,"minecraft:chiseled_stone_bricks":1,"minecraft:stone_brick_slab":3,"minecraft:gravel":2,"minecraft:sand":2669,"minecraft:jungle_planks":73,"minecraft:white_bed":7,"minecraft:grass_block":2,"minecraft:mossy_stone_brick_slab":2,"minecraft:jungle_slab":1,"minecraft:spider_eye":1,"minecraft:stone_axe":2,"minecraft:granite":61,"minecraft:bone_meal":3,"minecraft:emerald":4,"minecraft:oak_sapling":2,"minecraft:netherrack":234,"minecraft:black_wool":1,"minecraft:coal":111,"minecraft:oak_leaves":91,"minecraft:ender_pearl":1},"minecraft:crafted":{"minecraft:oak_planks":48,"minecraft:stone_shovel":1,"minecraft:furnace":6,"minecraft:bone_meal":6,"minecraft:bookshelf":7,"minecraft:cooked_mutton":2,"minecraft:flint_and_steel":1,"minecraft:iron_boots":1,"minecraft:iron_axe":1,"minecraft:stone_pickaxe":1,"minecraft:chest":6,"minecraft:crafting_table":4,"minecraft:wooden_pickaxe":1,"minecraft:iron_helmet":1,"minecraft:iron_sword":1,"minecraft:birch_planks":140,"minecraft:bucket":1,"minecraft:stone_axe":3,"minecraft:air":0,"minecraft:book":21,"minecraft:paper":117,"minecraft:iron_chestplate":1,"minecraft:charcoal":5,"minecraft:shield":1,"minecraft:stick":84,"minecraft:iron_ingot":116,"minecraft:iron_pickaxe":8,"minecraft:wooden_axe":1,"minecraft:iron_shovel":4,"minecraft:iron_leggings":1,"minecraft:white_bed":4,"minecraft:torch":120,"minecraft:shears":1},"minecraft:mined":{"minecraft:spruce_planks":34,"minecraft:white_bed":7,"minecraft:mossy_stone_brick_slab":2,"minecraft:jungle_slab":1,"minecraft:glow_lichen":1,"minecraft:granite":62,"minecraft:grass_block":34,"minecraft:spruce_fence":1,"minecraft:stone_brick_wall":4,"minecraft:jungle_planks":72,"minecraft:jungle_log":8,"minecraft:sandstone":677,"minecraft:chiseled_stone_bricks":1,"minecraft:magma_block":28,"minecraft:furnace":8,"minecraft:iron_ore":125,"minecraft:fire":29,"minecraft:andesite":59,"minecraft:peony":2,"minecraft:mossy_stone_brick_stairs":1,"minecraft:deepslate_iron_ore":22,"minecraft:dirt_path":2,"minecraft:oak_stairs":3,"minecraft:stone":639,"minecraft:spruce_slab":3,"minecraft:stone_brick_slab":3,"minecraft:crafting_table":7,"minecraft:torch":412,"minecraft:jungle_stairs":26,"minecraft:poppy":1,"minecraft:chest":7,"minecraft:tall_grass":7,"minecraft:copper_ore":5,"minecraft:cobblestone":25,"minecraft:deepslate_coal_ore":3,"minecraft:lapis_ore":14,"minecraft:deepslate_gold_ore":2,"minecraft:sugar_cane":147,"minecraft:oak_planks":2,"minecraft:diorite":10,"minecraft:wall_torch":45,"minecraft:spruce_stairs":4,"minecraft:birch_planks":6,"minecraft:birch_log":66,"minecraft:birch_leaves":2,"minecraft:stone_brick_stairs":5,"minecraft:grass":153,"minecraft:oak_log":16,"minecraft:coal_ore":80,"minecraft:gravel":2,"minecraft:sand":1041,"minecraft:dirt":96,"minecraft:cracked_stone_bricks":2,"minecraft:stone_bricks":9,"minecraft:netherrack":237,"minecraft:gold_ore":13,"minecraft:oak_leaves":87,"minecraft:deepslate":2},"minecraft:custom":{"minecraft:mob_kills":95,"minecraft:interact_with_crafting_table":40,"minecraft:leave_game":24,"minecraft:time_since_death":234918,"minecraft:sprint_one_cm":488209,"minecraft:walk_one_cm":692495,"minecraft:drop":18,"minecraft:play_time":234918,"minecraft:sneak_time":29855,"minecraft:walk_under_water_one_cm":6535,"minecraft:boat_one_cm":159049,"minecraft:jump":3765,"minecraft:walk_on_water_one_cm":18246,"minecraft:total_world_time":234918,"minecraft:interact_with_furnace":54,"minecraft:sleep_in_bed":14,"minecraft:time_since_rest":8693,"minecraft:damage_taken":2195,"minecraft:damage_dealt":11762,"minecraft:fly_one_cm":614228,"minecraft:open_chest":74,"minecraft:crouch_one_cm":106401,"minecraft:fall_one_cm":83531},"minecraft:dropped":{"minecraft:water_bucket":2,"minecraft:iron_sword":1,"minecraft:cobblestone":55,"minecraft:jungle_slab":1,"minecraft:sand":202,"minecraft:stone_axe":1,"minecraft:birch_sapling":2,"minecraft:raw_iron":30,"minecraft:oak_sapling":2,"minecraft:spruce_slab":3,"minecraft:sandstone":76}},"DataVersion":3120}