{"stats":{"minecraft:killed":{"minecraft:spider":3,"minecraft:horse":6,"minecraft:skeleton":6,"minecraft:turtle":1,"minecraft:pig":8,"minecraft:creeper":1,"minecraft:sheep":7,"minecraft:zombie":12,"minecraft:cow":3,"minecraft:enderman":1},"minecraft:broken":{"minecraft:iron_shovel":1,"minecraft:stone_axe":1,"minecraft:iron_pickaxe":5,"minecraft:stone_shovel":1},"minecraft:used":{"minecraft:iron_shovel":551,"minecraft:flint_and_steel":32,"minecraft:stone_shovel":135,"minecraft:chest":11,"minecraft:iron_sword":60,"minecraft:netherrack":197,"minecraft:torch":308,"minecraft:dirt":28,"minecraft:jungle_planks":1,"minecraft:wooden_axe":54,"minecraft:iron_axe":59,"minecraft:birch_sapling":1,"minecraft:furnace":12,"minecraft:cooked_beef":1,"minecraft:cobbled_deepslate":3,"minecraft:cooked_mutton":5,"minecraft:water_bucket":21,"minecraft:birch_planks":14,"minecraft:stone_pickaxe":79,"minecraft:wooden_pickaxe":27,"minecraft:birch_boat":5,"minecraft:sandstone":5,"minecraft:sugar_cane":45,"minecraft:oak_leaves":31,"minecraft:sand":183,"minecraft:crafting_table":8,"minecraft:white_bed":10,"minecraft:shears":61,"minecraft:iron_pickaxe":1537,"minecraft:stone_axe":321,"minecraft:cobblestone":113,"minecraft:cooked_porkchop":22,"minecraft:andesite":28,"minecraft:bucket":22,"minecraft:birch_log":14,"minecraft:bone_meal":1},"minecraft:picked_up":{"minecraft:charcoal":2,"minecraft:crafting_table":7,"minecraft:wooden_pickaxe":1,"minecraft:oak_stairs":3,"minecraft:stone_brick_wall":4,"minecraft:stone_brick_stairs":5,"minecraft:string":3,"minecraft:raw_copper":10,"minecraft:flint_and_steel":1,"minecraft:cracked_stone_bricks":2,"minecraft:gold_nugget":7,"minecraft:cobbled_deepslate":9,"minecraft:spruce_planks":33,"minecraft:beef":4,"minecraft:iron_pickaxe":1,"minecraft:spruce_slab":3,"minecraft:sugar_cane":277,"minecraft:chest":7,"minecraft:birch_sapling":5,"minecraft:furnace":8,"minecraft:stick":4,"minecraft:raw_iron":198,"minecraft:sandstone":575,"minecraft:jungle_door":1,"minecraft:torch":208,"minecraft:spruce_stairs":8,"minecraft:spruce_fence":1,"minecraft:diorite":10,"minecraft:arrow":6,"minecraft:rotten_flesh":12,"minecraft:jungle_stairs":51,"minecraft:peony":2,"minecraft:mutton":3,"minecraft:white_wool":13,"minecraft:cobblestone":582,"minecraft:birch_log":64,"minecraft:magma_block":27,"minecraft:cooked_beef":3,"minecraft:andesite":39,"minecraft:water_bucket":1,"minecraft:jungle_log":8,"minecraft:leather":13,"minecraft:birch_planks":14,"minecraft:oak_log":16,"minecraft:gunpowder":2,"minecraft:lapis_lazuli":91,"minecraft:dirt":119,"minecraft:cooked_mutton":6,"minecraft:bone":5,"minecraft:apple":3,"minecraft:stone_bricks":9,"minecraft:bow":2,"minecraft:wheat_seeds":1,"minecraft:raw_gold":15,"minecraft:stone_pickaxe":1,"minecraft:iron_ingot":4,"minecraft:mossy_stone_brick_stairs":1,"minecraft:iron_sword":1,"minecraft:cooked_porkchop":22,"minecraft:birch_boat":8,"minecraft:chiseled_stone_bricks":1,"minecraft:stone_brick_slab":3,"minecraft:gravel":1,"minecraft:jungle_planks":73,"minecraft:sand":1719,"minecraft:white_bed":6,"minecraft:grass_block":2,"minecraft:mossy_stone_brick_slab":2,"minecraft:jungle_slab":1,"minecraft:spider_eye":1,"minecraft:stone_axe":2,"minecraft:granite":61,"minecraft:bone_meal":3,"minecraft:emerald":4,"minecraft:black_wool":1,"minecraft:oak_sapling":2,"minecraft:coal":111,"minecraft:netherrack":232,"minecraft:oak_leaves":91,"minecraft:ender_pearl":1},"minecraft:crafted":{"minecraft:oak_planks":48,"minecraft:stone_shovel":1,"minecraft:furnace":6,"minecraft:bone_meal":6,"minecraft:cooked_mutton":2,"minecraft:iron_boots":1,"minecraft:iron_axe":1,"minecraft:stone_pickaxe":1,"minecraft:chest":6,"minecraft:crafting_table":4,"minecraft:wooden_pickaxe":1,"minecraft:iron_helmet":1,"minecraft:iron_sword":1,"minecraft:bucket":1,"minecraft:birch_planks":140,"minecraft:stone_axe":3,"minecraft:air":0,"minecraft:iron_chestplate":1,"minecraft:charcoal":5,"minecraft:shield":1,"minecraft:stick":60,"minecraft:iron_ingot":43,"minecraft:iron_pickaxe":5,"minecraft:wooden_axe":1,"minecraft:iron_shovel":2,"minecraft:iron_leggings":1,"minecraft:white_bed":4,"minecraft:torch":112,"minecraft:shears":1},"minecraft:mined":{"minecraft:spruce_planks":34,"minecraft:white_bed":6,"minecraft:mossy_stone_brick_slab":2,"minecraft:jungle_slab":1,"minecraft:glow_lichen":1,"minecraft:granite":62,"minecraft:grass_block":29,"minecraft:spruce_fence":1,"minecraft:stone_brick_wall":4,"minecraft:jungle_planks":72,"minecraft:jungle_log":8,"minecraft:sandstone":315,"minecraft:chiseled_stone_bricks":1,"minecraft:magma_block":28,"minecraft:furnace":8,"minecraft:iron_ore":125,"minecraft:fire":22,"minecraft:andesite":39,"minecraft:peony":2,"minecraft:mossy_stone_brick_stairs":1,"minecraft:deepslate_iron_ore":22,"minecraft:oak_stairs":3,"minecraft:stone":482,"minecraft:spruce_slab":3,"minecraft:stone_brick_slab":3,"minecraft:crafting_table":6,"minecraft:torch":155,"minecraft:jungle_stairs":26,"minecraft:chest":7,"minecraft:copper_ore":2,"minecraft:cobblestone":25,"minecraft:deepslate_coal_ore":3,"minecraft:lapis_ore":14,"minecraft:deepslate_gold_ore":2,"minecraft:sugar_cane":147,"minecraft:diorite":9,"minecraft:wall_torch":32,"minecraft:spruce_stairs":4,"minecraft:birch_planks":6,"minecraft:birch_log":66,"minecraft:birch_leaves":2,"minecraft:stone_brick_stairs":5,"minecraft:grass":28,"minecraft:oak_log":16,"minecraft:coal_ore":80,"minecraft:sand":687,"minecraft:dirt":62,"minecraft:cracked_stone_bricks":2,"minecraft:stone_bricks":9,"minecraft:netherrack":235,"minecraft:gold_ore":13,"minecraft:oak_leaves":87,"minecraft:deepslate":2},"minecraft:custom":{"minecraft:mob_kills":51,"minecraft:interact_with_crafting_table":32,"minecraft:leave_game":23,"minecraft:time_since_death":181510,"minecraft:sprint_one_cm":374677,"minecraft:walk_one_cm":482076,"minecraft:drop":17,"minecraft:play_time":181510,"minecraft:sneak_time":26825,"minecraft:walk_under_water_one_cm":6377,"minecraft:boat_one_cm":96504,"minecraft:jump":2907,"minecraft:walk_on_water_one_cm":16510,"minecraft:total_world_time":181510,"minecraft:interact_with_furnace":35,"minecraft:sleep_in_bed":11,"minecraft:time_since_rest":0,"minecraft:damage_taken":1714,"minecraft:damage_dealt":7564,"minecraft:fly_one_cm":446054,"minecraft:open_chest":53,"minecraft:crouch_one_cm":96710,"minecraft:fall_one_cm":66593},"minecraft:dropped":{"minecraft:water_bucket":1,"minecraft:iron_sword":1,"minecraft:cobblestone":55,"minecraft:jungle_slab":1,"minecraft:sand":202,"minecraft:stone_axe":1,"minecraft:birch_sapling":2,"minecraft:raw_iron":30,"minecraft:oak_sapling":2,"minecraft:spruce_slab":3,"minecraft:sandstone":76}},"DataVersion":3120}