{"stats":{"minecraft:killed":{"minecraft:spider":5,"minecraft:skeleton":7,"minecraft:horse":15,"minecraft:turtle":1,"minecraft:pig":15,"minecraft:creeper":1,"minecraft:sheep":34,"minecraft:zombie":23,"minecraft:enderman":1,"minecraft:cow":21},"minecraft:broken":{"minecraft:iron_shovel":3,"minecraft:flint_and_steel":1,"minecraft:iron_axe":1,"minecraft:stone_axe":1,"minecraft:iron_pickaxe":9,"minecraft:stone_shovel":1},"minecraft:used":{"minecraft:enchanting_table":1,"minecraft:iron_shovel":1008,"minecraft:flint_and_steel":119,"minecraft:stone_shovel":135,"minecraft:chest":11,"minecraft:shield":7,"minecraft:iron_sword":386,"minecraft:netherrack":199,"minecraft:torch":628,"minecraft:dirt":42,"minecraft:jungle_planks":1,"minecraft:wooden_axe":54,"minecraft:bookshelf":10,"minecraft:iron_axe":223,"minecraft:birch_sapling":1,"minecraft:furnace":12,"minecraft:cooked_beef":1,"minecraft:cobbled_deepslate":3,"minecraft:cooked_mutton":29,"minecraft:water_bucket":55,"minecraft:birch_planks":14,"minecraft:stone_pickaxe":79,"minecraft:oak_planks":23,"minecraft:wooden_pickaxe":27,"minecraft:birch_boat":12,"minecraft:sandstone":11,"minecraft:sugar_cane":48,"minecraft:oak_leaves":31,"minecraft:sand":212,"minecraft:crafting_table":11,"minecraft:white_bed":11,"minecraft:shears":61,"minecraft:diamond_pickaxe":13,"minecraft:iron_pickaxe":2641,"minecraft:gravel":1,"minecraft:stone_axe":321,"minecraft:cobblestone":197,"minecraft:cooked_porkchop":22,"minecraft:andesite":28,"minecraft:bucket":56,"minecraft:birch_log":14,"minecraft:bone_meal":1},"minecraft:picked_up":{"minecraft:charcoal":2,"minecraft:crafting_table":9,"minecraft:allium":1,"minecraft:wooden_pickaxe":1,"minecraft:oak_stairs":3,"minecraft:stone_brick_wall":4,"minecraft:gold_block":2,"minecraft:stone_brick_stairs":5,"minecraft:string":7,"minecraft:raw_copper":21,"minecraft:flint_and_steel":1,"minecraft:cracked_stone_bricks":2,"minecraft:gold_nugget":7,"minecraft:cobbled_deepslate":137,"minecraft:spruce_planks":33,"minecraft:beef":5,"minecraft:light_gray_wool":3,"minecraft:iron_pickaxe":2,"minecraft:spruce_slab":3,"minecraft:sugar_cane":360,"minecraft:chest":7,"minecraft:birch_sapling":5,"minecraft:egg":1,"minecraft:furnace":8,"minecraft:stick":4,"minecraft:raw_iron":238,"minecraft:sandstone":937,"minecraft:jungle_door":1,"minecraft:torch":487,"minecraft:spruce_stairs":8,"minecraft:spruce_fence":1,"minecraft:diorite":26,"minecraft:redstone":9,"minecraft:arrow":6,"minecraft:rotten_flesh":28,"minecraft:jungle_stairs":51,"minecraft:peony":2,"minecraft:obsidian":4,"minecraft:mutton":3,"minecraft:white_wool":52,"minecraft:cobblestone":879,"minecraft:birch_log":64,"minecraft:magma_block":27,"minecraft:cooked_beef":41,"minecraft:andesite":84,"minecraft:water_bucket":2,"minecraft:jungle_log":8,"minecraft:leather":42,"minecraft:birch_planks":14,"minecraft:flint":1,"minecraft:oak_log":16,"minecraft:gunpowder":2,"minecraft:lapis_lazuli":170,"minecraft:dirt":164,"minecraft:cooked_mutton":54,"minecraft:bone":5,"minecraft:apple":3,"minecraft:stone_bricks":9,"minecraft:bow":2,"minecraft:wheat_seeds":17,"minecraft:raw_gold":15,"minecraft:iron_ingot":4,"minecraft:stone_pickaxe":1,"minecraft:iron_sword":2,"minecraft:oak_planks":2,"minecraft:mossy_stone_brick_stairs":1,"minecraft:cooked_porkchop":39,"minecraft:birch_boat":15,"minecraft:chiseled_stone_bricks":1,"minecraft:stone_brick_slab":3,"minecraft:gravel":3,"minecraft:sand":2669,"minecraft:jungle_planks":73,"minecraft:white_bed":8,"minecraft:grass_block":2,"minecraft:mossy_stone_brick_slab":2,"minecraft:jungle_slab":1,"minecraft:spider_eye":2,"minecraft:diamond":6,"minecraft:stone_axe":2,"minecraft:granite":61,"minecraft:bone_meal":3,"minecraft:emerald":4,"minecraft:oak_sapling":2,"minecraft:netherrack":238,"minecraft:black_wool":1,"minecraft:coal":217,"minecraft:oak_leaves":91,"minecraft:ender_pearl":1},"minecraft:crafted":{"minecraft:oak_planks":48,"minecraft:stone_shovel":1,"minecraft:furnace":6,"minecraft:bone_meal":6,"minecraft:bookshelf":10,"minecraft:cooked_mutton":2,"minecraft:flint_and_steel":1,"minecraft:iron_boots":1,"minecraft:iron_axe":1,"minecraft:stone_pickaxe":1,"minecraft:chest":6,"minecraft:crafting_table":6,"minecraft:enchanting_table":1,"minecraft:wooden_pickaxe":1,"minecraft:iron_helmet":1,"minecraft:iron_sword":1,"minecraft:bucket":1,"minecraft:birch_planks":140,"minecraft:stone_axe":3,"minecraft:air":0,"minecraft:iron_chestplate":1,"minecraft:book":33,"minecraft:paper":117,"minecraft:diamond_pickaxe":1,"minecraft:charcoal":5,"minecraft:shield":1,"minecraft:stick":88,"minecraft:iron_ingot":116,"minecraft:iron_pickaxe":9,"minecraft:wooden_axe":1,"minecraft:iron_shovel":4,"minecraft:iron_leggings":1,"minecraft:white_bed":5,"minecraft:torch":196,"minecraft:shears":1},"minecraft:mined":{"minecraft:tuff":22,"minecraft:spruce_planks":34,"minecraft:white_bed":8,"minecraft:deepslate_diamond_ore":6,"minecraft:mossy_stone_brick_slab":2,"minecraft:jungle_slab":1,"minecraft:obsidian":4,"minecraft:glow_lichen":1,"minecraft:granite":62,"minecraft:allium":1,"minecraft:stone_brick_wall":4,"minecraft:grass_block":38,"minecraft:spruce_fence":1,"minecraft:jungle_planks":72,"minecraft:jungle_log":8,"minecraft:sandstone":680,"minecraft:chiseled_stone_bricks":1,"minecraft:magma_block":28,"minecraft:redstone_ore":1,"minecraft:furnace":8,"minecraft:iron_ore":147,"minecraft:fire":47,"minecraft:andesite":84,"minecraft:deepslate_lapis_ore":8,"minecraft:peony":2,"minecraft:gold_block":2,"minecraft:mossy_stone_brick_stairs":1,"minecraft:deepslate_iron_ore":40,"minecraft:dirt_path":2,"minecraft:oak_stairs":3,"minecraft:stone":776,"minecraft:spruce_slab":3,"minecraft:deepslate_redstone_ore":1,"minecraft:stone_brick_slab":3,"minecraft:crafting_table":8,"minecraft:torch":416,"minecraft:jungle_stairs":26,"minecraft:poppy":1,"minecraft:chest":7,"minecraft:copper_ore":5,"minecraft:tall_grass":7,"minecraft:cobblestone":31,"minecraft:deepslate_coal_ore":3,"minecraft:lapis_ore":18,"minecraft:deepslate_gold_ore":2,"minecraft:oak_planks":2,"minecraft:sugar_cane":189,"minecraft:diorite":25,"minecraft:wall_torch":46,"minecraft:seagrass":1,"minecraft:spruce_stairs":4,"minecraft:birch_planks":6,"minecraft:birch_log":66,"minecraft:birch_leaves":3,"minecraft:stone_brick_stairs":5,"minecraft:grass":183,"minecraft:oak_log":16,"minecraft:coal_ore":187,"minecraft:gravel":3,"minecraft:sand":1041,"minecraft:dirt":97,"minecraft:cracked_stone_bricks":2,"minecraft:stone_bricks":9,"minecraft:netherrack":241,"minecraft:gold_ore":13,"minecraft:oak_leaves":88,"minecraft:deepslate":127},"minecraft:custom":{"minecraft:mob_kills":134,"minecraft:interact_with_crafting_table":54,"minecraft:leave_game":27,"minecraft:time_since_death":305908,"minecraft:climb_one_cm":1255,"minecraft:sprint_one_cm":639931,"minecraft:walk_one_cm":825173,"minecraft:damage_blocked_by_shield":630,"minecraft:drop":25,"minecraft:play_time":305908,"minecraft:sneak_time":38957,"minecraft:walk_under_water_one_cm":14690,"minecraft:boat_one_cm":363376,"minecraft:jump":5299,"minecraft:walk_on_water_one_cm":33667,"minecraft:total_world_time":305908,"minecraft:interact_with_furnace":71,"minecraft:sleep_in_bed":25,"minecraft:time_since_rest":1254,"minecraft:damage_taken":3035,"minecraft:damage_dealt":16162,"minecraft:swim_one_cm":2930,"minecraft:fly_one_cm":830556,"minecraft:open_chest":95,"minecraft:crouch_one_cm":134294,"minecraft:fall_one_cm":114961},"minecraft:dropped":{"minecraft:water_bucket":2,"minecraft:iron_sword":2,"minecraft:wheat_seeds":1,"minecraft:diamond":1,"minecraft:cobblestone":55,"minecraft:jungle_slab":1,"minecraft:sand":202,"minecraft:iron_pickaxe":1,"minecraft:gravel":1,"minecraft:stone_axe":1,"minecraft:sugar_cane":4,"minecraft:birch_sapling":2,"minecraft:raw_iron":30,"minecraft:oak_sapling":2,"minecraft:spruce_slab":3,"minecraft:sandstone":76}},"DataVersion":3120}